Date,sentiment,polarity_norm
1/23/2017,neutral,1
7/27/2017,negative,0.055555556
7/27/2017,neutral,0.777777778
7/27/2017,positive,0.166666667
7/28/2017,negative,0.166666667
7/28/2017,neutral,0.5
7/28/2017,positive,0.333333333
8/1/2017,neutral,0.857142857
8/1/2017,positive,0.142857143
8/7/2017,negative,0.071428571
8/7/2017,neutral,0.285714286
8/7/2017,positive,0.642857143
8/8/2017,negative,0.1
8/8/2017,neutral,0.6
8/8/2017,positive,0.3
8/9/2017,neutral,1
8/10/2017,neutral,1
8/11/2017,neutral,1
8/12/2017,negative,1
8/14/2017,neutral,1
8/15/2017,neutral,0.333333333
8/15/2017,positive,0.666666667
8/16/2017,neutral,0.5
8/16/2017,positive,0.5
8/17/2017,neutral,0.5
8/17/2017,positive,0.5
8/21/2017,neutral,0.5
8/21/2017,positive,0.5
8/22/2017,positive,1
8/24/2017,neutral,0.857142857
8/24/2017,positive,0.142857143
8/25/2017,neutral,0.888888889
8/25/2017,positive,0.111111111
8/26/2017,neutral,1
8/27/2017,neutral,1
8/28/2017,neutral,1
8/29/2017,neutral,0.5
8/29/2017,positive,0.5
8/30/2017,negative,0.105263158
8/30/2017,neutral,0.263157895
8/30/2017,positive,0.631578947
8/31/2017,neutral,1
9/1/2017,negative,0.5
9/1/2017,neutral,0.25
9/1/2017,positive,0.25
9/2/2017,neutral,1
9/3/2017,neutral,1
9/5/2017,positive,1
9/6/2017,negative,0.142857143
9/6/2017,neutral,0.857142857
9/7/2017,neutral,1
9/8/2017,neutral,0.5
9/8/2017,positive,0.5
9/9/2017,negative,1
9/10/2017,positive,1
9/11/2017,neutral,1
9/12/2017,neutral,1
9/15/2017,negative,0.166666667
9/15/2017,neutral,0.833333333
9/16/2017,neutral,1
9/19/2017,neutral,1
9/21/2017,neutral,1
9/25/2017,neutral,1
9/26/2017,neutral,1
10/3/2017,neutral,1
10/6/2017,neutral,1
10/9/2017,positive,1
10/15/2017,neutral,1
10/21/2017,neutral,1
10/24/2017,negative,0.090909091
10/24/2017,neutral,0.818181818
10/24/2017,positive,0.090909091
10/25/2017,neutral,0.8
10/25/2017,positive,0.2
10/27/2017,neutral,1
10/28/2017,neutral,1
10/30/2017,neutral,1
10/31/2017,neutral,1
11/1/2017,negative,1
11/2/2017,negative,1
11/3/2017,neutral,1
11/5/2017,negative,1
11/10/2017,neutral,1
11/13/2017,neutral,1
11/16/2017,neutral,1
11/17/2017,neutral,1
11/25/2017,neutral,1
11/30/2017,positive,1
12/8/2017,neutral,1
12/18/2017,neutral,1
12/20/2017,neutral,1
12/21/2017,neutral,1
12/22/2017,neutral,1
1/5/2018,neutral,1
1/25/2018,neutral,1
1/26/2018,neutral,0.333333333
1/26/2018,positive,0.666666667
1/28/2018,neutral,1
1/29/2018,neutral,1
1/30/2018,neutral,1
1/31/2018,neutral,1
2/7/2018,neutral,1
2/8/2018,neutral,1
2/9/2018,neutral,1
2/12/2018,neutral,1
2/14/2018,positive,1
2/21/2018,neutral,1
2/27/2018,neutral,1
3/1/2018,neutral,1
3/2/2018,neutral,1
3/3/2018,neutral,1
3/4/2018,negative,0.2
3/4/2018,neutral,0.8
3/5/2018,neutral,0.7
3/5/2018,positive,0.3
3/6/2018,neutral,1
3/7/2018,neutral,1
3/8/2018,neutral,1
3/10/2018,neutral,1
3/12/2018,neutral,1
3/13/2018,neutral,1
3/14/2018,neutral,1
3/15/2018,neutral,0.8
3/15/2018,positive,0.2
3/16/2018,neutral,1
3/17/2018,neutral,1
3/25/2018,neutral,1
3/26/2018,neutral,1
3/27/2018,neutral,1
3/29/2018,neutral,1
4/16/2018,neutral,1
4/17/2018,neutral,1
4/18/2018,neutral,1
4/19/2018,positive,1
4/20/2018,neutral,1
4/21/2018,positive,1
4/23/2018,neutral,1
4/30/2018,neutral,1
5/2/2018,neutral,1
5/3/2018,neutral,0.5
5/3/2018,positive,0.5
5/4/2018,neutral,0.333333333
5/4/2018,positive,0.666666667
5/7/2018,neutral,1
5/8/2018,positive,1
5/9/2018,neutral,0.5
5/9/2018,positive,0.5
5/12/2018,neutral,1
5/14/2018,neutral,1
5/16/2018,neutral,1
5/22/2018,neutral,1
5/25/2018,neutral,1
5/26/2018,negative,0.2
5/26/2018,neutral,0.6
5/26/2018,positive,0.2
5/28/2018,neutral,1
5/30/2018,neutral,1
5/31/2018,neutral,1
6/2/2018,neutral,1
6/4/2018,neutral,0.666666667
6/4/2018,positive,0.333333333
6/7/2018,negative,0.5
6/7/2018,positive,0.5
6/8/2018,neutral,0.4
6/8/2018,positive,0.6
6/9/2018,neutral,1
6/10/2018,positive,1
6/11/2018,neutral,1
6/12/2018,neutral,1
6/13/2018,neutral,1
6/15/2018,neutral,1
6/16/2018,neutral,1
6/18/2018,neutral,1
6/19/2018,neutral,1
6/20/2018,negative,0.25
6/20/2018,neutral,0.75
6/21/2018,neutral,1
6/25/2018,neutral,1
6/26/2018,negative,0.5
6/26/2018,positive,0.5
6/27/2018,neutral,1
6/28/2018,neutral,1
6/29/2018,negative,1
6/30/2018,neutral,1
7/1/2018,neutral,0.75
7/1/2018,positive,0.25
7/3/2018,positive,1
7/5/2018,neutral,1
7/12/2018,neutral,1
7/13/2018,neutral,1
7/19/2018,neutral,1
7/20/2018,neutral,1
7/26/2018,neutral,1
7/31/2018,neutral,1
8/1/2018,neutral,1
8/6/2018,neutral,1
8/8/2018,neutral,1
8/16/2018,neutral,1
8/17/2018,neutral,1
8/18/2018,neutral,1
8/20/2018,neutral,0.090909091
8/20/2018,positive,0.909090909
8/21/2018,neutral,0.666666667
8/21/2018,positive,0.333333333
9/6/2018,neutral,1
9/11/2018,positive,1
9/14/2018,neutral,1
9/26/2018,positive,1
10/5/2018,neutral,1
10/6/2018,positive,1
10/8/2018,neutral,1
10/15/2018,negative,0.25
10/15/2018,neutral,0.75
10/19/2018,positive,1
10/22/2018,neutral,1
10/29/2018,neutral,1
11/2/2018,neutral,1
11/3/2018,neutral,1
11/5/2018,positive,1
11/13/2018,neutral,0.5
11/13/2018,positive,0.5
11/15/2018,positive,1
11/16/2018,positive,1
11/18/2018,positive,1
11/20/2018,positive,1
11/21/2018,neutral,1
11/22/2018,positive,1
11/23/2018,positive,1
11/27/2018,neutral,0.5
11/27/2018,positive,0.5
11/30/2018,neutral,0.333333333
11/30/2018,positive,0.666666667
12/2/2018,neutral,1
12/3/2018,neutral,0.5
12/3/2018,positive,0.5
12/4/2018,neutral,1
12/5/2018,positive,1
12/7/2018,positive,1
12/8/2018,positive,1
12/9/2018,neutral,0.666666667
12/9/2018,positive,0.333333333
12/11/2018,neutral,1
12/16/2018,positive,1
12/25/2018,negative,0.5
12/25/2018,neutral,0.5
12/27/2018,positive,1
12/28/2018,positive,1
12/30/2018,neutral,1
12/31/2018,negative,1
1/3/2019,positive,1
1/4/2019,positive,1
1/7/2019,positive,1
1/14/2019,positive,1
1/16/2019,negative,1
1/17/2019,neutral,0.5
1/17/2019,positive,0.5
1/23/2019,neutral,0.25
1/23/2019,positive,0.75
1/24/2019,neutral,1
1/25/2019,positive,1
1/26/2019,neutral,0.666666667
1/26/2019,positive,0.333333333
1/28/2019,neutral,0.2
1/28/2019,positive,0.8
1/30/2019,neutral,0.5
1/30/2019,positive,0.5
2/1/2019,neutral,1
2/6/2019,neutral,1
2/12/2019,positive,1
2/14/2019,neutral,0.5
2/14/2019,positive,0.5
2/15/2019,neutral,0.333333333
2/15/2019,positive,0.666666667
2/16/2019,positive,1
2/19/2019,neutral,1
2/20/2019,positive,1
2/23/2019,neutral,0.5
2/23/2019,positive,0.5
2/24/2019,positive,1
2/25/2019,neutral,0.833333333
2/25/2019,positive,0.166666667
2/26/2019,positive,1
3/4/2019,neutral,0.5
3/4/2019,positive,0.5
3/5/2019,neutral,1
3/7/2019,neutral,1
3/9/2019,positive,1
3/17/2019,positive,1
3/18/2019,positive,1
3/20/2019,neutral,1
3/21/2019,neutral,1
3/22/2019,negative,0.333333333
3/22/2019,neutral,0.666666667
3/23/2019,neutral,1
3/28/2019,neutral,0.5
3/28/2019,positive,0.5
3/30/2019,positive,1
4/1/2019,neutral,0.666666667
4/1/2019,positive,0.333333333
4/2/2019,neutral,0.666666667
4/2/2019,positive,0.333333333
4/15/2019,neutral,0.25
4/15/2019,positive,0.75
4/22/2019,neutral,1
4/24/2019,neutral,1
4/30/2019,neutral,1
5/1/2019,neutral,1
5/2/2019,neutral,1
5/3/2019,neutral,1
5/17/2019,neutral,0.75
5/17/2019,positive,0.25
5/31/2019,negative,0.125
5/31/2019,neutral,0.5625
5/31/2019,positive,0.3125
6/1/2019,neutral,0.4
6/1/2019,positive,0.6
6/3/2019,neutral,1
6/4/2019,negative,1
6/5/2019,neutral,1
6/7/2019,neutral,1
6/9/2019,positive,1
6/10/2019,neutral,1
6/15/2019,neutral,1
6/23/2019,neutral,1
6/24/2019,neutral,1
6/25/2019,neutral,1
7/2/2019,neutral,0.727272727
7/2/2019,positive,0.272727273
7/16/2019,neutral,1
7/22/2019,neutral,0.888888889
7/22/2019,positive,0.111111111
7/23/2019,neutral,1
7/25/2019,neutral,1
7/28/2019,neutral,1
7/30/2019,neutral,1
7/31/2019,negative,0.4
7/31/2019,neutral,0.6
8/1/2019,neutral,1
8/2/2019,neutral,1
8/7/2019,positive,1
8/8/2019,positive,1
8/9/2019,neutral,1
8/13/2019,positive,1
8/21/2019,neutral,0.5
8/21/2019,positive,0.5
8/22/2019,positive,1
8/25/2019,positive,1
8/29/2019,negative,1
9/9/2019,neutral,1
9/13/2019,neutral,1
9/20/2019,neutral,1
9/21/2019,positive,1
9/24/2019,positive,1
9/26/2019,neutral,1
9/28/2019,neutral,1
9/29/2019,neutral,1
10/1/2019,neutral,1
10/4/2019,neutral,1
10/7/2019,neutral,0.25
10/7/2019,positive,0.75
10/8/2019,neutral,0.285714286
10/8/2019,positive,0.714285714
10/9/2019,neutral,1
10/10/2019,neutral,1
10/12/2019,neutral,1
10/15/2019,neutral,1
10/23/2019,neutral,1
10/26/2019,neutral,1
10/28/2019,neutral,0.6
10/28/2019,positive,0.4
10/30/2019,neutral,1
11/6/2019,neutral,0.625
11/6/2019,positive,0.375
11/7/2019,neutral,1
11/8/2019,neutral,1
11/12/2019,neutral,1
11/13/2019,neutral,1
11/15/2019,neutral,1
11/19/2019,neutral,1
11/20/2019,neutral,1
11/28/2019,negative,1
12/2/2019,neutral,1
12/3/2019,neutral,1
12/5/2019,neutral,1
12/7/2019,neutral,1
12/9/2019,positive,1
12/10/2019,neutral,0.5
12/10/2019,positive,0.5
12/11/2019,neutral,0.833333333
12/11/2019,positive,0.166666667
12/12/2019,positive,1
12/13/2019,neutral,1
12/16/2019,negative,0.111111111
12/16/2019,neutral,0.888888889
12/17/2019,neutral,1
12/18/2019,neutral,1
12/19/2019,neutral,1
12/27/2019,neutral,1
1/20/2020,neutral,1
1/21/2020,neutral,1
1/22/2020,neutral,1
1/24/2020,neutral,1
1/26/2020,positive,1
1/27/2020,positive,1
2/9/2020,positive,1
2/10/2020,positive,1
2/16/2020,positive,1
2/23/2020,positive,1
2/24/2020,neutral,0.5
2/24/2020,positive,0.5
3/1/2020,positive,1
3/2/2020,positive,1
3/5/2020,positive,1
3/8/2020,positive,1
3/9/2020,neutral,0.833333333
3/9/2020,positive,0.166666667
3/10/2020,neutral,0.666666667
3/10/2020,positive,0.333333333
3/11/2020,neutral,1
3/12/2020,neutral,1
3/13/2020,positive,1
3/14/2020,neutral,1
3/15/2020,positive,1
3/16/2020,neutral,0.666666667
3/16/2020,positive,0.333333333
3/17/2020,neutral,0.5
3/17/2020,positive,0.5
3/18/2020,neutral,0.5
3/18/2020,positive,0.5
3/19/2020,neutral,0.666666667
3/19/2020,positive,0.333333333
3/20/2020,negative,0.037037037
3/20/2020,neutral,0.740740741
3/20/2020,positive,0.222222222
3/21/2020,neutral,1
3/22/2020,neutral,0.666666667
3/22/2020,positive,0.333333333
3/23/2020,neutral,0.6
3/23/2020,positive,0.4
3/24/2020,neutral,1
3/25/2020,neutral,1
3/26/2020,neutral,1
3/27/2020,neutral,0.777777778
3/27/2020,positive,0.222222222
3/28/2020,neutral,0.888888889
3/28/2020,positive,0.111111111
3/29/2020,neutral,0.666666667
3/29/2020,positive,0.333333333
3/30/2020,negative,0.05
3/30/2020,neutral,0.7
3/30/2020,positive,0.25
3/31/2020,negative,0.090909091
3/31/2020,neutral,0.454545455
3/31/2020,positive,0.454545455
4/1/2020,neutral,0.4
4/1/2020,positive,0.6
4/2/2020,negative,0.071428571
4/2/2020,neutral,0.75
4/2/2020,positive,0.178571429
4/3/2020,neutral,0.857142857
4/3/2020,positive,0.142857143
4/4/2020,neutral,0.666666667
4/4/2020,positive,0.333333333
4/5/2020,neutral,0.5
4/5/2020,positive,0.5
4/6/2020,neutral,0.888888889
4/6/2020,positive,0.111111111
4/7/2020,neutral,0.8
4/7/2020,positive,0.2
4/8/2020,neutral,1
4/9/2020,neutral,1
4/10/2020,positive,1
4/11/2020,neutral,1
4/12/2020,positive,1
4/13/2020,neutral,0.25
4/13/2020,positive,0.75
4/14/2020,neutral,0.75
4/14/2020,positive,0.25
4/15/2020,negative,0.024390244
4/15/2020,neutral,0.585365854
4/15/2020,positive,0.390243902
4/16/2020,neutral,0.4
4/16/2020,positive,0.6
4/17/2020,neutral,0.25
4/17/2020,positive,0.75
4/20/2020,neutral,0.666666667
4/20/2020,positive,0.333333333
4/21/2020,negative,0.333333333
4/21/2020,neutral,0.333333333
4/21/2020,positive,0.333333333
4/22/2020,neutral,1
4/23/2020,neutral,1
4/24/2020,neutral,1
4/25/2020,negative,1
4/26/2020,negative,1
4/27/2020,neutral,0.5
4/27/2020,positive,0.5
4/28/2020,neutral,1
4/29/2020,neutral,0.666666667
4/29/2020,positive,0.333333333
4/30/2020,neutral,0.333333333
4/30/2020,positive,0.666666667
5/1/2020,neutral,0.5
5/1/2020,positive,0.5
5/4/2020,neutral,1
5/5/2020,neutral,0.5
5/5/2020,positive,0.5
5/6/2020,negative,0.058823529
5/6/2020,neutral,0.411764706
5/6/2020,positive,0.529411765
5/7/2020,neutral,0.6
5/7/2020,positive,0.4
5/8/2020,neutral,0.333333333
5/8/2020,positive,0.666666667
5/9/2020,positive,1
5/11/2020,neutral,0.5
5/11/2020,positive,0.5
5/12/2020,neutral,0.4
5/12/2020,positive,0.6
5/13/2020,neutral,0.5
5/13/2020,positive,0.5
5/14/2020,negative,0.25
5/14/2020,neutral,0.5
5/14/2020,positive,0.25
5/15/2020,neutral,0.714285714
5/15/2020,positive,0.285714286
5/16/2020,neutral,0.333333333
5/16/2020,positive,0.666666667
5/19/2020,positive,1
5/20/2020,negative,0.5
5/20/2020,neutral,0.5
5/21/2020,neutral,0.5
5/21/2020,positive,0.5
5/22/2020,neutral,0.428571429
5/22/2020,positive,0.571428571
5/23/2020,neutral,0.666666667
5/23/2020,positive,0.333333333
5/24/2020,positive,1
5/25/2020,neutral,0.5
5/25/2020,positive,0.5
5/26/2020,neutral,1
5/27/2020,neutral,0.842105263
5/27/2020,positive,0.157894737
5/28/2020,neutral,0.9
5/28/2020,positive,0.1
5/29/2020,negative,0.045454545
5/29/2020,neutral,0.545454545
5/29/2020,positive,0.409090909
5/30/2020,neutral,0.333333333
5/30/2020,positive,0.666666667
5/31/2020,neutral,0.5
5/31/2020,positive,0.5
6/1/2020,neutral,0.764705882
6/1/2020,positive,0.235294118
6/2/2020,negative,0.044444444
6/2/2020,neutral,0.7
6/2/2020,positive,0.255555556
6/3/2020,negative,0.043478261
6/3/2020,neutral,0.52173913
6/3/2020,positive,0.434782609
6/4/2020,negative,0.090909091
6/4/2020,neutral,0.5
6/4/2020,positive,0.409090909
6/5/2020,negative,0.078947368
6/5/2020,neutral,0.684210526
6/5/2020,positive,0.236842105
6/6/2020,neutral,1
6/7/2020,positive,1
6/8/2020,neutral,0.545454545
6/8/2020,positive,0.454545455
6/9/2020,neutral,0.46875
6/9/2020,positive,0.53125
6/10/2020,negative,0.222222222
6/10/2020,neutral,0.333333333
6/10/2020,positive,0.444444444
6/11/2020,negative,0.076923077
6/11/2020,neutral,0.461538462
6/11/2020,positive,0.461538462
6/12/2020,neutral,0.612903226
6/12/2020,positive,0.387096774
6/13/2020,negative,0.054054054
6/13/2020,neutral,0.621621622
6/13/2020,positive,0.324324324
6/14/2020,negative,0.018518519
6/14/2020,neutral,0.666666667
6/14/2020,positive,0.314814815
6/15/2020,negative,0.030487805
6/15/2020,neutral,0.646341463
6/15/2020,positive,0.323170732
6/16/2020,negative,0.1375
6/16/2020,neutral,0.55
6/16/2020,positive,0.3125
6/17/2020,neutral,0.733333333
6/17/2020,positive,0.266666667
6/18/2020,negative,0.052631579
6/18/2020,neutral,0.473684211
6/18/2020,positive,0.473684211
6/19/2020,neutral,0.5
6/19/2020,positive,0.5
6/20/2020,neutral,0.714285714
6/20/2020,positive,0.285714286
6/21/2020,neutral,0.5
6/21/2020,positive,0.5
6/22/2020,negative,0.1875
6/22/2020,neutral,0.5625
6/22/2020,positive,0.25
6/23/2020,negative,0.074074074
6/23/2020,neutral,0.518518519
6/23/2020,positive,0.407407407
6/24/2020,negative,0.068965517
6/24/2020,neutral,0.482758621
6/24/2020,positive,0.448275862
6/25/2020,negative,0.078947368
6/25/2020,neutral,0.421052632
6/25/2020,positive,0.5
6/26/2020,negative,0.148148148
6/26/2020,neutral,0.481481481
6/26/2020,positive,0.37037037
6/27/2020,negative,0.2
6/27/2020,neutral,0.533333333
6/27/2020,positive,0.266666667
6/28/2020,negative,0.142857143
6/28/2020,neutral,0.428571429
6/28/2020,positive,0.428571429
6/29/2020,negative,0.111111111
6/29/2020,neutral,0.388888889
6/29/2020,positive,0.5
6/30/2020,negative,0.056338028
6/30/2020,neutral,0.436619718
6/30/2020,positive,0.507042254
7/1/2020,neutral,0.5
7/1/2020,positive,0.5
7/2/2020,negative,0.105263158
7/2/2020,neutral,0.578947368
7/2/2020,positive,0.315789474
7/3/2020,neutral,0.727272727
7/3/2020,positive,0.272727273
7/4/2020,neutral,0.75
7/4/2020,positive,0.25
7/5/2020,negative,0.058823529
7/5/2020,neutral,0.529411765
7/5/2020,positive,0.411764706
7/6/2020,negative,0.105263158
7/6/2020,neutral,0.710526316
7/6/2020,positive,0.184210526
7/7/2020,negative,0.048780488
7/7/2020,neutral,0.609756098
7/7/2020,positive,0.341463415
7/8/2020,negative,0.12
7/8/2020,neutral,0.6
7/8/2020,positive,0.28
7/9/2020,negative,0.046511628
7/9/2020,neutral,0.511627907
7/9/2020,positive,0.441860465
7/10/2020,negative,0.034482759
7/10/2020,neutral,0.517241379
7/10/2020,positive,0.448275862
7/11/2020,neutral,0.666666667
7/11/2020,positive,0.333333333
7/12/2020,neutral,0.588235294
7/12/2020,positive,0.411764706
7/13/2020,negative,0.060606061
7/13/2020,neutral,0.515151515
7/13/2020,positive,0.424242424
7/14/2020,negative,0.095238095
7/14/2020,neutral,0.404761905
7/14/2020,positive,0.5
7/15/2020,neutral,0.444444444
7/15/2020,positive,0.555555556
7/16/2020,negative,0.016129032
7/16/2020,neutral,0.548387097
7/16/2020,positive,0.435483871
7/17/2020,negative,0.066666667
7/17/2020,neutral,0.688888889
7/17/2020,positive,0.244444444
7/18/2020,neutral,0.571428571
7/18/2020,positive,0.428571429
7/19/2020,negative,0.1
7/19/2020,neutral,0.7
7/19/2020,positive,0.2
7/20/2020,negative,0.020408163
7/20/2020,neutral,0.489795918
7/20/2020,positive,0.489795918
7/21/2020,negative,0.027777778
7/21/2020,neutral,0.666666667
7/21/2020,positive,0.305555556
7/22/2020,negative,0.055555556
7/22/2020,neutral,0.722222222
7/22/2020,positive,0.222222222
7/23/2020,negative,0.035714286
7/23/2020,neutral,0.428571429
7/23/2020,positive,0.535714286
7/24/2020,negative,0.035714286
7/24/2020,neutral,0.535714286
7/24/2020,positive,0.428571429
7/25/2020,neutral,0.333333333
7/25/2020,positive,0.666666667
7/26/2020,neutral,0.583333333
7/26/2020,positive,0.416666667
7/27/2020,negative,0.025974026
7/27/2020,neutral,0.714285714
7/27/2020,positive,0.25974026
7/28/2020,negative,0.033333333
7/28/2020,neutral,0.622222222
7/28/2020,positive,0.344444444
7/29/2020,negative,0.055555556
7/29/2020,neutral,0.611111111
7/29/2020,positive,0.333333333
7/30/2020,negative,0.078947368
7/30/2020,neutral,0.631578947
7/30/2020,positive,0.289473684
7/31/2020,negative,0.107142857
7/31/2020,neutral,0.571428571
7/31/2020,positive,0.321428571
8/1/2020,neutral,0.833333333
8/1/2020,positive,0.166666667
8/2/2020,neutral,0.833333333
8/2/2020,positive,0.166666667
8/3/2020,negative,0.025
8/3/2020,neutral,0.7875
8/3/2020,positive,0.1875
8/4/2020,negative,0.083333333
8/4/2020,neutral,0.555555556
8/4/2020,positive,0.361111111
8/5/2020,negative,0.048780488
8/5/2020,neutral,0.731707317
8/5/2020,positive,0.219512195
8/6/2020,negative,0.019607843
8/6/2020,neutral,0.764705882
8/6/2020,positive,0.215686275
8/7/2020,neutral,0.607142857
8/7/2020,positive,0.392857143
8/8/2020,neutral,0.666666667
8/8/2020,positive,0.333333333
8/9/2020,neutral,0.666666667
8/9/2020,positive,0.333333333
8/10/2020,negative,0.025
8/10/2020,neutral,0.65
8/10/2020,positive,0.325
8/11/2020,negative,0.111111111
8/11/2020,neutral,0.62962963
8/11/2020,positive,0.259259259
8/12/2020,negative,0.042553191
8/12/2020,neutral,0.595744681
8/12/2020,positive,0.361702128
8/13/2020,negative,0.070175439
8/13/2020,neutral,0.578947368
8/13/2020,positive,0.350877193
8/14/2020,negative,0.04
8/14/2020,neutral,0.64
8/14/2020,positive,0.32
8/15/2020,neutral,1
8/16/2020,neutral,0.75
8/16/2020,positive,0.25
8/17/2020,neutral,0.666666667
8/17/2020,positive,0.333333333
8/18/2020,neutral,0.611111111
8/18/2020,positive,0.388888889
8/19/2020,negative,0.03125
8/19/2020,neutral,0.46875
8/19/2020,positive,0.5
8/20/2020,neutral,0.75
8/20/2020,positive,0.25
8/21/2020,neutral,0.846153846
8/21/2020,positive,0.153846154
8/22/2020,neutral,0.6
8/22/2020,positive,0.4
8/23/2020,negative,0.038461538
8/23/2020,neutral,0.692307692
8/23/2020,positive,0.269230769
8/24/2020,negative,0.068965517
8/24/2020,neutral,0.75862069
8/24/2020,positive,0.172413793
8/25/2020,negative,0.142857143
8/25/2020,neutral,0.714285714
8/25/2020,positive,0.142857143
8/26/2020,negative,0.2
8/26/2020,neutral,0.3
8/26/2020,positive,0.5
8/27/2020,neutral,0.857142857
8/27/2020,positive,0.142857143
8/28/2020,negative,0.1
8/28/2020,neutral,0.5
8/28/2020,positive,0.4
8/29/2020,negative,0.125
8/29/2020,neutral,0.875
8/30/2020,negative,0.4
8/30/2020,neutral,0.4
8/30/2020,positive,0.2
8/31/2020,negative,0.071428571
8/31/2020,neutral,0.5
8/31/2020,positive,0.428571429
9/1/2020,negative,0.045454545
9/1/2020,neutral,0.545454545
9/1/2020,positive,0.409090909
9/2/2020,negative,0.035714286
9/2/2020,neutral,0.678571429
9/2/2020,positive,0.285714286
9/3/2020,negative,0.0625
9/3/2020,neutral,0.4375
9/3/2020,positive,0.5
9/4/2020,negative,0.058823529
9/4/2020,neutral,0.852941176
9/4/2020,positive,0.088235294
9/5/2020,negative,0.2
9/5/2020,neutral,0.2
9/5/2020,positive,0.6
9/6/2020,neutral,0.666666667
9/6/2020,positive,0.333333333
9/7/2020,neutral,0.333333333
9/7/2020,positive,0.666666667
9/8/2020,negative,0.133333333
9/8/2020,neutral,0.533333333
9/8/2020,positive,0.333333333
9/9/2020,negative,0.052631579
9/9/2020,neutral,0.473684211
9/9/2020,positive,0.473684211
9/10/2020,negative,0.111111111
9/10/2020,neutral,0.222222222
9/10/2020,positive,0.666666667
9/11/2020,neutral,0.7
9/11/2020,positive,0.3
9/12/2020,neutral,0.428571429
9/12/2020,positive,0.571428571
9/13/2020,negative,0.142857143
9/13/2020,neutral,0.714285714
9/13/2020,positive,0.142857143
9/14/2020,negative,0.065217391
9/14/2020,neutral,0.782608696
9/14/2020,positive,0.152173913
9/15/2020,negative,0.028985507
9/15/2020,neutral,0.913043478
9/15/2020,positive,0.057971014
9/16/2020,negative,0.133333333
9/16/2020,neutral,0.4
9/16/2020,positive,0.466666667
9/17/2020,neutral,0.65
9/17/2020,positive,0.35
9/18/2020,negative,0.216494845
9/18/2020,neutral,0.536082474
9/18/2020,positive,0.24742268
9/19/2020,neutral,0.857142857
9/19/2020,positive,0.142857143
9/20/2020,negative,0.1
9/20/2020,neutral,0.7
9/20/2020,positive,0.2
9/21/2020,negative,0.087912088
9/21/2020,neutral,0.505494505
9/21/2020,positive,0.406593407
9/22/2020,negative,0.138297872
9/22/2020,neutral,0.446808511
9/22/2020,positive,0.414893617
9/23/2020,negative,0.021505376
9/23/2020,neutral,0.784946237
9/23/2020,positive,0.193548387
9/24/2020,negative,0.089285714
9/24/2020,neutral,0.589285714
9/24/2020,positive,0.321428571
9/25/2020,negative,0.104166667
9/25/2020,neutral,0.541666667
9/25/2020,positive,0.354166667
9/26/2020,negative,0.2
9/26/2020,neutral,0.4
9/26/2020,positive,0.4
9/27/2020,neutral,0.769230769
9/27/2020,positive,0.230769231
9/28/2020,neutral,0.56
9/28/2020,positive,0.44
9/29/2020,negative,0.037037037
9/29/2020,neutral,0.537037037
9/29/2020,positive,0.425925926
9/30/2020,negative,0.038461538
9/30/2020,neutral,0.576923077
9/30/2020,positive,0.384615385
10/1/2020,negative,0.027777778
10/1/2020,neutral,0.666666667
10/1/2020,positive,0.305555556
10/2/2020,negative,0.063157895
10/2/2020,neutral,0.789473684
10/2/2020,positive,0.147368421
10/3/2020,negative,0.04109589
10/3/2020,neutral,0.671232877
10/3/2020,positive,0.287671233
10/4/2020,negative,0.12
10/4/2020,neutral,0.6
10/4/2020,positive,0.28
10/5/2020,negative,0.117370892
10/5/2020,neutral,0.483568075
10/5/2020,positive,0.399061033
10/6/2020,negative,0.040650407
10/6/2020,neutral,0.658536585
10/6/2020,positive,0.300813008
10/7/2020,negative,0.033707865
10/7/2020,neutral,0.662921348
10/7/2020,positive,0.303370787
10/8/2020,negative,0.070588235
10/8/2020,neutral,0.564705882
10/8/2020,positive,0.364705882
10/9/2020,negative,0.020408163
10/9/2020,neutral,0.714285714
10/9/2020,positive,0.265306122
10/10/2020,negative,0.071428571
10/10/2020,neutral,0.928571429
10/11/2020,neutral,0.714285714
10/11/2020,positive,0.285714286
10/12/2020,negative,0.166666667
10/12/2020,neutral,0.604166667
10/12/2020,positive,0.229166667
10/13/2020,negative,0.059701493
10/13/2020,neutral,0.671641791
10/13/2020,positive,0.268656716
10/14/2020,negative,0.045454545
10/14/2020,neutral,0.6
10/14/2020,positive,0.354545455
10/15/2020,negative,0.051948052
10/15/2020,neutral,0.428571429
10/15/2020,positive,0.519480519
10/16/2020,negative,0.053763441
10/16/2020,neutral,0.634408602
10/16/2020,positive,0.311827957
10/17/2020,neutral,0.6
10/17/2020,positive,0.4
10/18/2020,negative,0.05
10/18/2020,neutral,0.85
10/18/2020,positive,0.1
10/19/2020,negative,0.136363636
10/19/2020,neutral,0.590909091
10/19/2020,positive,0.272727273
10/20/2020,negative,0.084745763
10/20/2020,neutral,0.559322034
10/20/2020,positive,0.355932203
10/21/2020,negative,0.051724138
10/21/2020,neutral,0.655172414
10/21/2020,positive,0.293103448
10/22/2020,negative,0.094594595
10/22/2020,neutral,0.567567568
10/22/2020,positive,0.337837838
10/23/2020,negative,0.027027027
10/23/2020,neutral,0.702702703
10/23/2020,positive,0.27027027
10/24/2020,neutral,0.619047619
10/24/2020,positive,0.380952381
10/25/2020,negative,0.05
10/25/2020,neutral,0.8
10/25/2020,positive,0.15
10/26/2020,negative,0.057142857
10/26/2020,neutral,0.914285714
10/26/2020,positive,0.028571429
10/27/2020,negative,0.068181818
10/27/2020,neutral,0.659090909
10/27/2020,positive,0.272727273
10/28/2020,negative,0.039473684
10/28/2020,neutral,0.407894737
10/28/2020,positive,0.552631579
10/29/2020,negative,0.05952381
10/29/2020,neutral,0.511904762
10/29/2020,positive,0.428571429
10/30/2020,negative,0.126126126
10/30/2020,neutral,0.522522523
10/30/2020,positive,0.351351351
10/31/2020,negative,0.055555556
10/31/2020,neutral,0.5
10/31/2020,positive,0.444444444
11/1/2020,negative,0.195652174
11/1/2020,neutral,0.456521739
11/1/2020,positive,0.347826087
11/2/2020,negative,0.018181818
11/2/2020,neutral,0.6
11/2/2020,positive,0.381818182
11/3/2020,negative,0.04
11/3/2020,neutral,0.55
11/3/2020,positive,0.41
11/4/2020,negative,0.021276596
11/4/2020,neutral,0.680851064
11/4/2020,positive,0.29787234
11/5/2020,negative,0.073170732
11/5/2020,neutral,0.658536585
11/5/2020,positive,0.268292683
11/6/2020,negative,0.047794118
11/6/2020,neutral,0.602941176
11/6/2020,positive,0.349264706
11/7/2020,negative,0.023809524
11/7/2020,neutral,0.547619048
11/7/2020,positive,0.428571429
11/8/2020,negative,0.066666667
11/8/2020,neutral,0.533333333
11/8/2020,positive,0.4
11/9/2020,negative,0.108108108
11/9/2020,neutral,0.531531532
11/9/2020,positive,0.36036036
11/10/2020,negative,0.051948052
11/10/2020,neutral,0.623376623
11/10/2020,positive,0.324675325
11/11/2020,negative,0.042857143
11/11/2020,neutral,0.714285714
11/11/2020,positive,0.242857143
11/12/2020,negative,0.089552239
11/12/2020,neutral,0.626865672
11/12/2020,positive,0.28358209
11/13/2020,negative,0.022222222
11/13/2020,neutral,0.677777778
11/13/2020,positive,0.3
11/14/2020,negative,0.142857143
11/14/2020,neutral,0.666666667
11/14/2020,positive,0.19047619
11/15/2020,neutral,0.642857143
11/15/2020,positive,0.357142857
11/16/2020,negative,0.12244898
11/16/2020,neutral,0.408163265
11/16/2020,positive,0.469387755
11/17/2020,negative,0.060606061
11/17/2020,neutral,0.727272727
11/17/2020,positive,0.212121212
11/18/2020,negative,0.071428571
11/18/2020,neutral,0.464285714
11/18/2020,positive,0.464285714
11/19/2020,negative,0.1875
11/19/2020,neutral,0.5625
11/19/2020,positive,0.25
11/20/2020,negative,0.115384615
11/20/2020,neutral,0.557692308
11/20/2020,positive,0.326923077
11/21/2020,neutral,0.846153846
11/21/2020,positive,0.153846154
11/22/2020,negative,0.071428571
11/22/2020,neutral,0.428571429
11/22/2020,positive,0.5
11/23/2020,negative,0.066666667
11/23/2020,neutral,0.733333333
11/23/2020,positive,0.2
11/24/2020,negative,0.046875
11/24/2020,neutral,0.65625
11/24/2020,positive,0.296875
11/25/2020,negative,0.114285714
11/25/2020,neutral,0.514285714
11/25/2020,positive,0.371428571
11/26/2020,negative,0.1
11/26/2020,neutral,0.45
11/26/2020,positive,0.45
11/27/2020,neutral,0.714285714
11/27/2020,positive,0.285714286
11/28/2020,negative,0.083333333
11/28/2020,neutral,0.416666667
11/28/2020,positive,0.5
11/29/2020,neutral,0.5
11/29/2020,positive,0.5
11/30/2020,negative,0.097560976
11/30/2020,neutral,0.634146341
11/30/2020,positive,0.268292683
12/1/2020,negative,0.090909091
12/1/2020,neutral,0.636363636
12/1/2020,positive,0.272727273
12/2/2020,negative,0.043478261
12/2/2020,neutral,0.47826087
12/2/2020,positive,0.47826087
12/3/2020,negative,0.066666667
12/3/2020,neutral,0.733333333
12/3/2020,positive,0.2
12/4/2020,negative,0.043478261
12/4/2020,neutral,0.543478261
12/4/2020,positive,0.413043478
12/5/2020,negative,0.055555556
12/5/2020,neutral,0.444444444
12/5/2020,positive,0.5
12/6/2020,negative,0.047619048
12/6/2020,neutral,0.619047619
12/6/2020,positive,0.333333333
12/7/2020,negative,0.03125
12/7/2020,neutral,0.578125
12/7/2020,positive,0.390625
12/8/2020,negative,0.057142857
12/8/2020,neutral,0.514285714
12/8/2020,positive,0.428571429
12/9/2020,neutral,0.78125
12/9/2020,positive,0.21875
12/10/2020,negative,0.092592593
12/10/2020,neutral,0.5
12/10/2020,positive,0.407407407
12/11/2020,neutral,0.710526316
12/11/2020,positive,0.289473684
12/12/2020,neutral,0.875
12/12/2020,positive,0.125
12/13/2020,neutral,0.6
12/13/2020,positive,0.4
12/14/2020,negative,0.010638298
12/14/2020,neutral,0.638297872
12/14/2020,positive,0.35106383
12/15/2020,negative,0.069518717
12/15/2020,neutral,0.556149733
12/15/2020,positive,0.374331551
12/16/2020,negative,0.142857143
12/16/2020,neutral,0.523809524
12/16/2020,positive,0.333333333
12/17/2020,negative,0.037433155
12/17/2020,neutral,0.657754011
12/17/2020,positive,0.304812834
12/18/2020,negative,0.04137931
12/18/2020,neutral,0.696551724
12/18/2020,positive,0.262068966
12/19/2020,negative,0.064516129
12/19/2020,neutral,0.516129032
12/19/2020,positive,0.419354839
12/20/2020,negative,0.071428571
12/20/2020,neutral,0.428571429
12/20/2020,positive,0.5
12/21/2020,negative,0.038709677
12/21/2020,neutral,0.696774194
12/21/2020,positive,0.264516129
12/22/2020,negative,0.027272727
12/22/2020,neutral,0.627272727
12/22/2020,positive,0.345454545
12/23/2020,negative,0.071428571
12/23/2020,neutral,0.69047619
12/23/2020,positive,0.238095238
12/24/2020,negative,0.028985507
12/24/2020,neutral,0.579710145
12/24/2020,positive,0.391304348
12/25/2020,negative,0.142857143
12/25/2020,neutral,0.571428571
12/25/2020,positive,0.285714286
12/26/2020,negative,0.4
12/26/2020,neutral,0.2
12/26/2020,positive,0.4
12/27/2020,negative,0.1
12/27/2020,neutral,0.7
12/27/2020,positive,0.2
12/28/2020,negative,0.098039216
12/28/2020,neutral,0.647058824
12/28/2020,positive,0.254901961
12/29/2020,negative,0.142857143
12/29/2020,neutral,0.547619048
12/29/2020,positive,0.30952381
12/30/2020,negative,0.055555556
12/30/2020,neutral,0.537037037
12/30/2020,positive,0.407407407
12/31/2020,negative,0.133333333
12/31/2020,neutral,0.666666667
12/31/2020,positive,0.2
1/1/2021,negative,0.173913043
1/1/2021,neutral,0.565217391
1/1/2021,positive,0.260869565
1/2/2021,negative,0.111111111
1/2/2021,neutral,0.777777778
1/2/2021,positive,0.111111111
1/3/2021,negative,0.066666667
1/3/2021,neutral,0.8
1/3/2021,positive,0.133333333
1/4/2021,negative,0.0625
1/4/2021,neutral,0.765625
1/4/2021,positive,0.171875
1/5/2021,negative,0.107142857
1/5/2021,neutral,0.607142857
1/5/2021,positive,0.285714286
1/6/2021,negative,0.088235294
1/6/2021,neutral,0.735294118
1/6/2021,positive,0.176470588
1/7/2021,negative,0.129032258
1/7/2021,neutral,0.548387097
1/7/2021,positive,0.322580645
1/8/2021,negative,0.083333333
1/8/2021,neutral,0.625
1/8/2021,positive,0.291666667
1/9/2021,neutral,0.428571429
1/9/2021,positive,0.571428571
1/10/2021,negative,0.038961039
1/10/2021,neutral,0.545454545
1/10/2021,positive,0.415584416
1/11/2021,negative,0.054794521
1/11/2021,neutral,0.616438356
1/11/2021,positive,0.328767123
1/12/2021,negative,0.05
1/12/2021,neutral,0.583333333
1/12/2021,positive,0.366666667
1/13/2021,negative,0.109756098
1/13/2021,neutral,0.451219512
1/13/2021,positive,0.43902439
1/14/2021,negative,0.069444444
1/14/2021,neutral,0.5
1/14/2021,positive,0.430555556
1/15/2021,negative,0.018867925
1/15/2021,neutral,0.698113208
1/15/2021,positive,0.283018868
1/16/2021,neutral,0.608695652
1/16/2021,positive,0.391304348
1/17/2021,neutral,0.611111111
1/17/2021,positive,0.388888889
1/18/2021,neutral,0.423076923
1/18/2021,positive,0.576923077
1/19/2021,negative,0.054945055
1/19/2021,neutral,0.56043956
1/19/2021,positive,0.384615385
1/20/2021,negative,0.050314465
1/20/2021,neutral,0.559748428
1/20/2021,positive,0.389937107
1/21/2021,negative,0.045454545
1/21/2021,neutral,0.5
1/21/2021,positive,0.454545455
1/22/2021,negative,0.043478261
1/22/2021,neutral,0.689440994
1/22/2021,positive,0.267080745
1/23/2021,negative,0.076923077
1/23/2021,neutral,0.538461538
1/23/2021,positive,0.384615385
1/24/2021,negative,0.035714286
1/24/2021,neutral,0.535714286
1/24/2021,positive,0.428571429
1/25/2021,negative,0.092105263
1/25/2021,neutral,0.565789474
1/25/2021,positive,0.342105263
1/26/2021,negative,0.086956522
1/26/2021,neutral,0.467391304
1/26/2021,positive,0.445652174
1/27/2021,negative,0.090277778
1/27/2021,neutral,0.638888889
1/27/2021,positive,0.270833333
1/28/2021,negative,0.081632653
1/28/2021,neutral,0.591836735
1/28/2021,positive,0.326530612
1/29/2021,negative,0.064748201
1/29/2021,neutral,0.633093525
1/29/2021,positive,0.302158273
1/30/2021,negative,0.154761905
1/30/2021,neutral,0.535714286
1/30/2021,positive,0.30952381
1/31/2021,negative,0.025316456
1/31/2021,neutral,0.556962025
1/31/2021,positive,0.417721519
2/1/2021,negative,0.04516129
2/1/2021,neutral,0.496774194
2/1/2021,positive,0.458064516
2/2/2021,negative,0.056179775
2/2/2021,neutral,0.617977528
2/2/2021,positive,0.325842697
2/3/2021,negative,0.05
2/3/2021,neutral,0.421428571
2/3/2021,positive,0.528571429
2/4/2021,negative,0.052023121
2/4/2021,neutral,0.520231214
2/4/2021,positive,0.427745665
2/5/2021,negative,0.086419753
2/5/2021,neutral,0.50617284
2/5/2021,positive,0.407407407
2/6/2021,negative,0.15
2/6/2021,neutral,0.45
2/6/2021,positive,0.4
2/7/2021,negative,0.157894737
2/7/2021,neutral,0.473684211
2/7/2021,positive,0.368421053
2/8/2021,negative,0.018181818
2/8/2021,neutral,0.636363636
2/8/2021,positive,0.345454545
2/9/2021,negative,0.094117647
2/9/2021,neutral,0.435294118
2/9/2021,positive,0.470588235
2/10/2021,negative,0.075757576
2/10/2021,neutral,0.560606061
2/10/2021,positive,0.363636364
2/11/2021,negative,0.073170732
2/11/2021,neutral,0.585365854
2/11/2021,positive,0.341463415
2/12/2021,negative,0.057692308
2/12/2021,neutral,0.538461538
2/12/2021,positive,0.403846154
2/13/2021,negative,0.115384615
2/13/2021,neutral,0.576923077
2/13/2021,positive,0.307692308
2/14/2021,neutral,0.583333333
2/14/2021,positive,0.416666667
2/15/2021,neutral,0.375
2/15/2021,positive,0.625
2/16/2021,negative,0.068965517
2/16/2021,neutral,0.655172414
2/16/2021,positive,0.275862069
2/17/2021,negative,0.05
2/17/2021,neutral,0.675
2/17/2021,positive,0.275
2/18/2021,negative,0.064935065
2/18/2021,neutral,0.61038961
2/18/2021,positive,0.324675325
2/19/2021,negative,0.015384615
2/19/2021,neutral,0.676923077
2/19/2021,positive,0.307692308
2/20/2021,negative,0.060606061
2/20/2021,neutral,0.696969697
2/20/2021,positive,0.242424242
2/21/2021,neutral,0.617647059
2/21/2021,positive,0.382352941
2/22/2021,negative,0.020408163
2/22/2021,neutral,0.591836735
2/22/2021,positive,0.387755102
2/23/2021,negative,0.074626866
2/23/2021,neutral,0.432835821
2/23/2021,positive,0.492537313
2/24/2021,negative,0.063829787
2/24/2021,neutral,0.510638298
2/24/2021,positive,0.425531915
2/25/2021,negative,0.081081081
2/25/2021,neutral,0.689189189
2/25/2021,positive,0.22972973
2/26/2021,negative,0.093220339
2/26/2021,neutral,0.533898305
2/26/2021,positive,0.372881356
2/27/2021,negative,0.052631579
2/27/2021,neutral,0.473684211
2/27/2021,positive,0.473684211
2/28/2021,neutral,0.428571429
2/28/2021,positive,0.571428571
3/1/2021,negative,0.0625
3/1/2021,neutral,0.5625
3/1/2021,positive,0.375
3/2/2021,negative,0.103773585
3/2/2021,neutral,0.669811321
3/2/2021,positive,0.226415094
3/3/2021,negative,0.046153846
3/3/2021,neutral,0.692307692
3/3/2021,positive,0.261538462
3/4/2021,negative,0.078313253
3/4/2021,neutral,0.530120482
3/4/2021,positive,0.391566265
3/5/2021,negative,0.072727273
3/5/2021,neutral,0.6
3/5/2021,positive,0.327272727
3/6/2021,negative,0.086956522
3/6/2021,neutral,0.463768116
3/6/2021,positive,0.449275362
3/7/2021,negative,0.047058824
3/7/2021,neutral,0.541176471
3/7/2021,positive,0.411764706
3/8/2021,negative,0.049586777
3/8/2021,neutral,0.570247934
3/8/2021,positive,0.380165289
3/9/2021,negative,0.083333333
3/9/2021,neutral,0.625
3/9/2021,positive,0.291666667
3/10/2021,negative,0.05785124
3/10/2021,neutral,0.58677686
3/10/2021,positive,0.355371901
3/11/2021,negative,0.048192771
3/11/2021,neutral,0.512048193
3/11/2021,positive,0.439759036
3/12/2021,negative,0.054347826
3/12/2021,neutral,0.543478261
3/12/2021,positive,0.402173913
3/13/2021,negative,0.088235294
3/13/2021,neutral,0.676470588
3/13/2021,positive,0.235294118
3/14/2021,negative,0.015625
3/14/2021,neutral,0.671875
3/14/2021,positive,0.3125
3/15/2021,negative,0.04587156
3/15/2021,neutral,0.541284404
3/15/2021,positive,0.412844037
3/16/2021,negative,0.078125
3/16/2021,neutral,0.4921875
3/16/2021,positive,0.4296875
3/17/2021,negative,0.097087379
3/17/2021,neutral,0.553398058
3/17/2021,positive,0.349514563
3/18/2021,negative,0.057692308
3/18/2021,neutral,0.644230769
3/18/2021,positive,0.298076923
3/19/2021,negative,0.076923077
3/19/2021,neutral,0.557692308
3/19/2021,positive,0.365384615
3/20/2021,negative,0.056603774
3/20/2021,neutral,0.622641509
3/20/2021,positive,0.320754717
3/21/2021,negative,0.078947368
3/21/2021,neutral,0.447368421
3/21/2021,positive,0.473684211
3/22/2021,negative,0.034090909
3/22/2021,neutral,0.545454545
3/22/2021,positive,0.420454545
3/23/2021,negative,0.088607595
3/23/2021,neutral,0.607594937
3/23/2021,positive,0.303797468
3/24/2021,negative,0.145038168
3/24/2021,neutral,0.503816794
3/24/2021,positive,0.351145038
3/25/2021,negative,0.089041096
3/25/2021,neutral,0.51369863
3/25/2021,positive,0.397260274
3/26/2021,negative,0.058252427
3/26/2021,neutral,0.475728155
3/26/2021,positive,0.466019417
3/27/2021,negative,0.083333333
3/27/2021,neutral,0.708333333
3/27/2021,positive,0.208333333
3/28/2021,negative,0.111111111
3/28/2021,neutral,0.577777778
3/28/2021,positive,0.311111111
3/29/2021,negative,0.061565017
3/29/2021,neutral,0.586881473
3/29/2021,positive,0.35155351
3/30/2021,negative,0.088161209
3/30/2021,neutral,0.546599496
3/30/2021,positive,0.365239295
3/31/2021,negative,0.111486486
3/31/2021,neutral,0.415540541
3/31/2021,positive,0.472972973
4/1/2021,negative,0.061611374
4/1/2021,neutral,0.431279621
4/1/2021,positive,0.507109005
4/2/2021,negative,0.042553191
4/2/2021,neutral,0.585106383
4/2/2021,positive,0.372340426
4/3/2021,negative,0.054054054
4/3/2021,neutral,0.459459459
4/3/2021,positive,0.486486486
4/4/2021,negative,0.104477612
4/4/2021,neutral,0.52238806
4/4/2021,positive,0.373134328
4/5/2021,negative,0.107954545
4/5/2021,neutral,0.528409091
4/5/2021,positive,0.363636364
4/6/2021,negative,0.146341463
4/6/2021,neutral,0.298780488
4/6/2021,positive,0.554878049
4/7/2021,negative,0.120481928
4/7/2021,neutral,0.487951807
4/7/2021,positive,0.391566265
4/8/2021,negative,0.043715847
4/8/2021,neutral,0.420765027
4/8/2021,positive,0.535519126
4/9/2021,negative,0.066929134
4/9/2021,neutral,0.42519685
4/9/2021,positive,0.507874016
4/10/2021,negative,0.024390244
4/10/2021,neutral,0.43902439
4/10/2021,positive,0.536585366
4/11/2021,negative,0.064516129
4/11/2021,neutral,0.564516129
4/11/2021,positive,0.370967742
4/12/2021,negative,0.104651163
4/12/2021,neutral,0.465116279
4/12/2021,positive,0.430232558
4/13/2021,negative,0.084337349
4/13/2021,neutral,0.548192771
4/13/2021,positive,0.36746988
4/14/2021,negative,0.096153846
4/14/2021,neutral,0.320512821
4/14/2021,positive,0.583333333
4/15/2021,negative,0.077669903
4/15/2021,neutral,0.446601942
4/15/2021,positive,0.475728155
4/16/2021,negative,0.103225806
4/16/2021,neutral,0.516129032
4/16/2021,positive,0.380645161
4/17/2021,neutral,0.642857143
4/17/2021,positive,0.357142857
4/18/2021,negative,0.1
4/18/2021,neutral,0.6
4/18/2021,positive,0.3
4/19/2021,negative,0.081339713
4/19/2021,neutral,0.4784689
4/19/2021,positive,0.440191388
4/20/2021,negative,0.0859375
4/20/2021,neutral,0.4921875
4/20/2021,positive,0.421875
4/21/2021,negative,0.055084746
4/21/2021,neutral,0.580508475
4/21/2021,positive,0.36440678
4/22/2021,negative,0.105960265
4/22/2021,neutral,0.589403974
4/22/2021,positive,0.304635762
4/23/2021,negative,0.078947368
4/23/2021,neutral,0.456140351
4/23/2021,positive,0.464912281
4/24/2021,negative,0.107142857
4/24/2021,neutral,0.642857143
4/24/2021,positive,0.25
4/25/2021,negative,0.1
4/25/2021,neutral,0.533333333
4/25/2021,positive,0.366666667
4/26/2021,negative,0.057142857
4/26/2021,neutral,0.533333333
4/26/2021,positive,0.40952381
4/27/2021,negative,0.103773585
4/27/2021,neutral,0.41509434
4/27/2021,positive,0.481132075
4/28/2021,negative,0.110132159
4/28/2021,neutral,0.585903084
4/28/2021,positive,0.303964758
4/29/2021,negative,0.045714286
4/29/2021,neutral,0.72
4/29/2021,positive,0.234285714
4/30/2021,negative,0.06185567
4/30/2021,neutral,0.618556701
4/30/2021,positive,0.319587629
5/1/2021,negative,0.038461538
5/1/2021,neutral,0.5
5/1/2021,positive,0.461538462
5/2/2021,negative,0.039215686
5/2/2021,neutral,0.705882353
5/2/2021,positive,0.254901961
5/3/2021,negative,0.056277056
5/3/2021,neutral,0.688311688
5/3/2021,positive,0.255411255
5/4/2021,negative,0.098039216
5/4/2021,neutral,0.534313725
5/4/2021,positive,0.367647059
5/5/2021,negative,0.065060241
5/5/2021,neutral,0.607228916
5/5/2021,positive,0.327710843
5/6/2021,negative,0.073275862
5/6/2021,neutral,0.612068966
5/6/2021,positive,0.314655172
5/7/2021,negative,0.06122449
5/7/2021,neutral,0.540816327
5/7/2021,positive,0.397959184
5/8/2021,negative,0.087719298
5/8/2021,neutral,0.421052632
5/8/2021,positive,0.49122807
5/9/2021,negative,0.045977011
5/9/2021,neutral,0.494252874
5/9/2021,positive,0.459770115
5/10/2021,negative,0.086330935
5/10/2021,neutral,0.503597122
5/10/2021,positive,0.410071942
5/11/2021,negative,0.057142857
5/11/2021,neutral,0.6
5/11/2021,positive,0.342857143
5/12/2021,negative,0.065217391
5/12/2021,neutral,0.543478261
5/12/2021,positive,0.391304348
5/13/2021,negative,0.052083333
5/13/2021,neutral,0.583333333
5/13/2021,positive,0.364583333
5/14/2021,negative,0.074235808
5/14/2021,neutral,0.524017467
5/14/2021,positive,0.401746725
5/15/2021,negative,0.111111111
5/15/2021,neutral,0.444444444
5/15/2021,positive,0.444444444
5/16/2021,negative,0.054054054
5/16/2021,neutral,0.405405405
5/16/2021,positive,0.540540541
5/17/2021,negative,0.051136364
5/17/2021,neutral,0.607954545
5/17/2021,positive,0.340909091
5/18/2021,negative,0.098265896
5/18/2021,neutral,0.537572254
5/18/2021,positive,0.36416185
5/19/2021,negative,0.075757576
5/19/2021,neutral,0.537878788
5/19/2021,positive,0.386363636
5/20/2021,negative,0.061643836
5/20/2021,neutral,0.623287671
5/20/2021,positive,0.315068493
5/21/2021,negative,0.070175439
5/21/2021,neutral,0.605263158
5/21/2021,positive,0.324561404
5/22/2021,negative,0.090909091
5/22/2021,neutral,0.545454545
5/22/2021,positive,0.363636364
5/23/2021,negative,0.074074074
5/23/2021,neutral,0.666666667
5/23/2021,positive,0.259259259
5/24/2021,negative,0.064102564
5/24/2021,neutral,0.602564103
5/24/2021,positive,0.333333333
5/25/2021,negative,0.048780488
5/25/2021,neutral,0.597560976
5/25/2021,positive,0.353658537
5/26/2021,negative,0.049122807
5/26/2021,neutral,0.621052632
5/26/2021,positive,0.329824561
5/27/2021,negative,0.074766355
5/27/2021,neutral,0.588785047
5/27/2021,positive,0.336448598
5/28/2021,negative,0.062370062
5/28/2021,neutral,0.604989605
5/28/2021,positive,0.332640333
5/29/2021,negative,0.032786885
5/29/2021,neutral,0.721311475
5/29/2021,positive,0.245901639
5/30/2021,negative,0.06097561
5/30/2021,neutral,0.487804878
5/30/2021,positive,0.451219512
5/31/2021,negative,0.04
5/31/2021,neutral,0.573333333
5/31/2021,positive,0.386666667
6/1/2021,negative,0.072463768
6/1/2021,neutral,0.550724638
6/1/2021,positive,0.376811594
6/2/2021,negative,0.087336245
6/2/2021,neutral,0.572052402
6/2/2021,positive,0.340611354
6/3/2021,negative,0.046391753
6/3/2021,neutral,0.551546392
6/3/2021,positive,0.402061856
6/4/2021,negative,0.085106383
6/4/2021,neutral,0.602836879
6/4/2021,positive,0.312056738
6/5/2021,negative,0.18
6/5/2021,neutral,0.46
6/5/2021,positive,0.36
6/6/2021,negative,0.164179104
6/6/2021,neutral,0.52238806
6/6/2021,positive,0.313432836
6/7/2021,negative,0.063492063
6/7/2021,neutral,0.563492063
6/7/2021,positive,0.373015873
