Date,vuzi,negative,neutral,positive,signal
2019-12-09,2.4200000762939453,0.0,0.75,0.25,0.25
2019-12-10,2.390000104904175,0.166666667,0.666666667,0.166666667,0.0
2019-12-11,2.299999952316284,0.0,0.75,0.25,0.25
2019-12-12,2.1600000858306885,0.0,0.428571429,0.571428571,0.571428571
2019-12-13,2.1700000762939453,0.0,0.8,0.2,0.2
2019-12-16,2.240000009536743,0.0,0.727272727,0.272727273,0.272727273
2019-12-17,2.0899999141693115,0.142857143,0.428571429,0.428571429,0.28571428600000004
2019-12-18,2.190000057220459,0.111111111,0.666666667,0.222222222,0.111111111
2019-12-19,2.1500000953674316,0.055555556,0.277777778,0.666666667,0.611111111
2019-12-20,2.0799999237060547,0.0,1.0,0.0,0.0
2019-12-23,2.1500000953674316,0.0,0.545454545,0.454545455,0.454545455
2019-12-24,2.0899999141693115,0.0,0.25,0.75,0.75
2019-12-26,2.109999895095825,0.0,0.333333333,0.666666667,0.666666667
2019-12-27,2.0999999046325684,0.0,0.875,0.125,0.125
2019-12-30,2.009999990463257,0.333333333,0.222222222,0.444444444,0.11111111099999998
2019-12-31,2.009999990463257,0.0,0.4,0.6,0.6
2020-01-02,2.109999895095825,0.0,0.461538462,0.538461538,0.538461538
2020-01-03,2.259999990463257,0.19047619,0.571428571,0.238095238,0.047619048
2020-01-06,2.309999942779541,0.022222222,0.333333333,0.644444444,0.622222222
2020-01-07,2.190000057220459,0.012345679,0.50617284,0.481481481,0.469135802
2020-01-08,2.0899999141693115,0.0,0.575757576,0.424242424,0.424242424
2020-01-09,2.0299999713897705,0.027777778,0.472222222,0.5,0.472222222
2020-01-10,1.9700000286102295,0.027777778,0.666666667,0.305555556,0.27777777800000003
2020-01-13,1.8700000047683716,0.03125,0.4375,0.53125,0.5
2020-01-14,1.7799999713897705,0.045454545,0.636363636,0.318181818,0.272727273
2020-01-15,1.7899999618530273,0.05,0.425,0.525,0.47500000000000003
2020-01-16,1.899999976158142,0.075,0.575,0.35,0.27499999999999997
2020-01-17,1.9500000476837158,0.0,0.608695652,0.391304348,0.391304348
2020-01-21,1.9600000381469727,0.052631579,0.368421053,0.578947368,0.526315789
2020-01-22,1.9900000095367432,0.090909091,0.181818182,0.727272727,0.636363636
2020-01-23,2.0,0.0625,0.625,0.3125,0.25
2020-01-24,1.9299999475479126,0.0,0.351351351,0.648648649,0.648648649
2020-01-27,1.8200000524520874,0.02,0.28,0.7,0.6799999999999999
2020-01-28,2.0,0.0,0.864864865,0.135135135,0.135135135
2020-01-29,1.9700000286102295,0.090909091,0.681818182,0.227272727,0.136363636
2020-01-30,1.899999976158142,0.0,0.538461538,0.461538462,0.461538462
2020-01-31,1.8300000429153442,0.055555556,0.555555556,0.388888889,0.333333333
2020-02-03,1.899999976158142,0.0,0.8,0.2,0.2
2020-02-04,1.8899999856948853,0.166666667,0.5,0.333333333,0.16666666600000002
2020-02-05,1.909999966621399,0.0,0.818181818,0.181818182,0.181818182
2020-02-06,1.840000033378601,0.028571429,0.542857143,0.428571429,0.4
2020-02-07,1.850000023841858,0.0,0.6875,0.3125,0.3125
2020-02-10,1.8200000524520874,0.0,0.666666667,0.333333333,0.333333333
2020-02-11,1.7699999809265137,0.1,0.6,0.3,0.19999999999999998
2020-02-12,1.8300000429153442,0.0,0.8,0.2,0.2
2020-02-13,1.7300000190734863,0.090909091,0.454545455,0.454545455,0.363636364
2020-02-14,1.7899999618530273,0.0,0.705882353,0.294117647,0.294117647
2020-02-18,1.7599999904632568,0.090909091,0.272727273,0.636363636,0.545454545
2020-02-19,1.7799999713897705,0.083333333,0.458333333,0.458333333,0.375
2020-02-20,1.75,0.045454545,0.409090909,0.545454545,0.5
2020-02-21,1.7300000190734863,0.066666667,0.333333333,0.6,0.533333333
2020-02-24,1.7400000095367432,0.0,0.875,0.125,0.125
2020-02-25,1.7100000381469727,0.0,0.818181818,0.181818182,0.181818182
2020-02-26,1.690000057220459,0.142857143,0.714285714,0.142857143,0.0
2020-02-27,1.6200000047683716,0.0,0.833333333,0.166666667,0.166666667
2020-02-28,1.590000033378601,0.071428571,0.714285714,0.214285714,0.142857143
2020-03-02,1.559999942779541,0.0,0.714285714,0.285714286,0.285714286
2020-03-03,1.590000033378601,0.047619048,0.333333333,0.619047619,0.571428571
2020-03-04,1.6200000047683716,0.0,0.285714286,0.714285714,0.714285714
2020-03-05,1.5700000524520874,0.0,0.210526316,0.789473684,0.789473684
2020-03-06,1.5299999713897705,0.055555556,0.222222222,0.722222222,0.666666666
2020-03-09,1.1799999475479126,0.058823529,0.588235294,0.352941176,0.29411764700000004
2020-03-10,1.350000023841858,0.107142857,0.642857143,0.25,0.14285714300000002
2020-03-11,1.350000023841858,0.0,0.4,0.6,0.6
2020-03-12,1.1699999570846558,0.05,0.583333333,0.366666667,0.316666667
2020-03-13,1.340000033378601,0.04494382,0.764044944,0.191011236,0.146067416
2020-03-16,0.9200000166893005,0.023255814,0.441860465,0.534883721,0.511627907
2020-03-17,1.0299999713897705,0.033333333,0.766666667,0.2,0.16666666700000002
2020-03-18,0.9800000190734863,0.047619048,0.619047619,0.333333333,0.285714285
2020-03-19,1.1699999570846558,0.097560976,0.487804878,0.414634146,0.31707317
2020-03-20,1.159999966621399,0.078947368,0.473684211,0.447368421,0.368421053
2020-03-23,1.1299999952316284,0.0,0.384615385,0.615384615,0.615384615
2020-03-24,1.159999966621399,0.0,0.210526316,0.789473684,0.789473684
2020-03-25,1.1699999570846558,0.05,0.35,0.6,0.5499999999999999
2020-03-26,1.149999976158142,0.0,0.5,0.5,0.5
2020-03-27,1.1299999952316284,0.0,0.25,0.75,0.75
2020-03-30,1.090000033378601,0.0625,0.5625,0.375,0.3125
2020-03-31,1.2300000190734863,0.12962963,0.537037037,0.333333333,0.203703703
2020-04-01,1.2300000190734863,0.0,0.5,0.5,0.5
2020-04-02,1.2899999618530273,0.0,0.375,0.625,0.625
2020-04-03,1.3300000429153442,0.033333333,0.366666667,0.6,0.566666667
2020-04-06,1.4199999570846558,0.090909091,0.363636364,0.545454545,0.454545454
2020-04-07,1.5399999618530273,0.052631579,0.526315789,0.421052632,0.368421053
2020-04-08,1.5499999523162842,0.096774194,0.225806452,0.677419355,0.580645161
2020-04-09,1.5700000524520874,0.033333333,0.4,0.566666667,0.533333334
2020-04-13,1.649999976158142,0.0,0.65,0.35,0.35
2020-04-14,1.600000023841858,0.0,0.652173913,0.347826087,0.347826087
2020-04-15,1.590000033378601,0.105263158,0.421052632,0.473684211,0.36842105300000005
2020-04-16,1.5,0.166666667,0.833333333,0.0,-0.166666667
2020-04-17,1.5700000524520874,0.076923077,0.615384615,0.307692308,0.23076923100000002
2020-04-20,1.590000033378601,0.0,0.882352941,0.117647059,0.117647059
2020-04-21,1.5299999713897705,0.047619048,0.619047619,0.333333333,0.285714285
2020-04-22,1.559999942779541,0.0,0.454545455,0.545454545,0.545454545
2020-04-23,1.5299999713897705,0.0,0.9,0.1,0.1
2020-04-24,1.4900000095367432,0.0,0.363636364,0.636363636,0.636363636
2020-04-27,1.5499999523162842,0.0,0.3,0.7,0.7
2020-04-28,1.5499999523162842,0.0,0.333333333,0.666666667,0.666666667
2020-04-29,1.5499999523162842,0.047619048,0.523809524,0.428571429,0.380952381
2020-04-30,1.5499999523162842,0.066666667,0.6,0.333333333,0.266666666
2020-05-01,1.5299999713897705,0.214285714,0.428571429,0.357142857,0.142857143
2020-05-04,1.5199999809265137,0.0,0.714285714,0.285714286,0.285714286
2020-05-05,1.7000000476837158,0.076923077,0.192307692,0.730769231,0.653846154
2020-05-06,1.75,0.060606061,0.454545455,0.484848485,0.424242424
2020-05-07,2.2100000381469727,0.042328042,0.497354497,0.46031746,0.417989418
2020-05-08,2.740000009536743,0.057471264,0.513409962,0.429118774,0.37164750999999996
2020-05-11,2.7200000286102295,0.070512821,0.602564103,0.326923077,0.256410256
2020-05-12,2.4200000762939453,0.01754386,0.49122807,0.49122807,0.47368421
2020-05-13,2.190000057220459,0.026315789,0.631578947,0.342105263,0.315789474
2020-05-14,2.5199999809265137,0.115384615,0.576923077,0.307692308,0.19230769300000003
2020-05-15,2.4000000953674316,0.2,0.3,0.5,0.3
2020-05-18,2.299999952316284,0.0,0.625,0.375,0.375
2020-05-19,2.25,0.034482759,0.724137931,0.24137931,0.206896551
2020-05-20,2.4100000858306885,0.06122449,0.489795918,0.448979592,0.38775510199999996
2020-05-21,2.490000009536743,0.04,0.56,0.4,0.36000000000000004
2020-05-22,2.859999895095825,0.058823529,0.462184874,0.478991597,0.420168068
2020-05-26,2.7300000190734863,0.043478261,0.52173913,0.434782609,0.39130434799999997
2020-05-27,2.450000047683716,0.0,0.458333333,0.541666667,0.541666667
2020-05-28,2.440000057220459,0.022222222,0.777777778,0.2,0.177777778
2020-05-29,2.490000009536743,0.130434783,0.391304348,0.47826087,0.347826087
2020-06-01,2.380000114440918,0.0,0.923076923,0.076923077,0.076923077
2020-06-02,2.5,0.0,0.692307692,0.307692308,0.307692308
2020-06-03,2.490000009536743,0.0,0.636363636,0.363636364,0.363636364
2020-06-04,2.5,0.0,0.642857143,0.357142857,0.357142857
2020-06-05,2.430000066757202,0.0,0.3,0.7,0.7
2020-06-08,2.440000057220459,0.045454545,0.590909091,0.363636364,0.318181819
2020-06-09,2.3299999237060547,0.285714286,0.428571429,0.285714286,0.0
2020-06-10,2.309999942779541,0.0,0.7,0.3,0.3
2020-06-11,2.140000104904175,0.0,0.333333333,0.666666667,0.666666667
2020-06-12,2.2100000381469727,0.058823529,0.411764706,0.529411765,0.470588236
2020-06-15,2.380000114440918,0.041666667,0.708333333,0.25,0.208333333
2020-06-16,2.3299999237060547,0.038461538,0.692307692,0.269230769,0.23076923099999996
2020-06-17,2.380000114440918,0.0,0.818181818,0.181818182,0.181818182
2020-06-18,2.309999942779541,0.0,0.4,0.6,0.6
2020-06-19,2.5199999809265137,0.034482759,0.689655172,0.275862069,0.24137930999999999
2020-06-22,2.450000047683716,0.0625,0.6875,0.25,0.1875
2020-06-23,2.4700000286102295,0.071428571,0.714285714,0.214285714,0.142857143
2020-06-24,2.5,0.086956522,0.565217391,0.347826087,0.260869565
2020-06-25,2.380000114440918,0.0,0.555555556,0.444444444,0.444444444
2020-06-26,2.319999933242798,0.0,0.428571429,0.571428571,0.571428571
2020-06-29,2.3299999237060547,0.0625,0.4375,0.5,0.4375
2020-06-30,2.390000104904175,0.018181818,0.472727273,0.509090909,0.49090909099999996
2020-07-01,2.440000057220459,0.0,0.25,0.75,0.75
2020-07-02,2.8499999046325684,0.034883721,0.430232558,0.534883721,0.5
2020-07-06,2.6600000858306885,0.0625,0.5625,0.375,0.3125
2020-07-07,2.9000000953674316,0.039473684,0.605263158,0.355263158,0.315789474
2020-07-08,3.380000114440918,0.036144578,0.602409639,0.361445783,0.32530120500000004
2020-07-09,3.3399999141693115,0.047619048,0.481481481,0.470899471,0.423280423
2020-07-10,3.549999952316284,0.047297297,0.567567568,0.385135135,0.337837838
2020-07-13,3.609999895095825,0.064,0.568,0.368,0.304
2020-07-14,3.7100000381469727,0.065789474,0.421052632,0.513157895,0.44736842099999996
2020-07-15,3.990000009536743,0.023255814,0.558139535,0.418604651,0.395348837
2020-07-16,4.190000057220459,0.08,0.64,0.28,0.2
2020-07-17,4.110000133514404,0.060606061,0.484848485,0.454545455,0.393939394
2020-07-20,4.679999828338623,0.040650407,0.593495935,0.365853659,0.325203252
2020-07-21,4.409999847412109,0.081081081,0.432432432,0.486486486,0.405405405
2020-07-22,4.210000038146973,0.054794521,0.602739726,0.342465753,0.287671232
2020-07-23,4.079999923706055,0.036363636,0.418181818,0.545454545,0.509090909
2020-07-24,3.890000104904175,0.0,0.428571429,0.571428571,0.571428571
2020-07-27,3.8499999046325684,0.03125,0.53125,0.4375,0.40625
2020-07-28,3.869999885559082,0.052631579,0.526315789,0.421052632,0.368421053
2020-07-29,4.110000133514404,0.0,0.526315789,0.473684211,0.473684211
2020-07-30,4.119999885559082,0.04,0.44,0.52,0.48000000000000004
2020-07-31,4.119999885559082,0.058823529,0.529411765,0.411764706,0.352941177
2020-08-03,4.159999847412109,0.0,0.705882353,0.294117647,0.294117647
2020-08-04,4.349999904632568,0.0,0.666666667,0.333333333,0.333333333
2020-08-05,4.110000133514404,0.033333333,0.5,0.466666667,0.43333333399999996
2020-08-06,4.139999866485596,0.333333333,0.466666667,0.2,-0.133333333
2020-08-07,4.0,0.0,0.571428571,0.428571429,0.428571429
2020-08-10,3.880000114440918,0.022727273,0.5,0.477272727,0.454545454
2020-08-11,3.4800000190734863,0.060606061,0.636363636,0.303030303,0.242424242
2020-08-12,3.4600000381469727,0.153846154,0.282051282,0.564102564,0.41025641
2020-08-13,3.440000057220459,0.026315789,0.184210526,0.789473684,0.763157895
2020-08-14,3.509999990463257,0.0,0.384615385,0.615384615,0.615384615
2020-08-17,3.4100000858306885,0.0,0.307692308,0.692307692,0.692307692
2020-08-18,3.369999885559082,0.0,0.642857143,0.357142857,0.357142857
2020-08-19,3.390000104904175,0.0,0.5,0.5,0.5
2020-08-20,3.6700000762939453,0.0,0.583333333,0.416666667,0.416666667
2020-08-21,4.309999942779541,0.102040816,0.326530612,0.571428571,0.46938775499999996
2020-08-24,3.630000114440918,0.014705882,0.632352941,0.352941176,0.338235294
2020-08-25,3.7200000286102295,0.088235294,0.264705882,0.647058824,0.5588235300000001
2020-08-26,3.700000047683716,0.157894737,0.526315789,0.315789474,0.157894737
2020-08-27,3.690000057220459,0.058823529,0.470588235,0.470588235,0.41176470600000004
2020-08-28,3.8399999141693115,0.0,0.4,0.6,0.6
2020-08-31,3.7200000286102295,0.083333333,0.5,0.416666667,0.333333334
2020-09-01,3.7899999618530273,0.103448276,0.5,0.396551724,0.293103448
2020-09-02,4.050000190734863,0.044444444,0.466666667,0.488888889,0.444444445
2020-09-03,4.760000228881836,0.032608696,0.608695652,0.358695652,0.326086956
2020-09-04,4.389999866485596,0.103585657,0.565737052,0.330677291,0.227091634
2020-09-08,3.8299999237060547,0.024390244,0.414634146,0.56097561,0.536585366
2020-09-09,4.269999980926514,0.028571429,0.6,0.371428571,0.342857142
2020-09-10,4.150000095367432,0.107142857,0.375,0.517857143,0.410714286
2020-09-11,4.010000228881836,0.060240964,0.43373494,0.506024096,0.44578313199999997
2020-09-14,4.090000152587891,0.0,0.523809524,0.476190476,0.476190476
2020-09-15,4.190000057220459,0.0,0.571428571,0.428571429,0.428571429
2020-09-16,4.230000019073486,0.040816327,0.408163265,0.551020408,0.5102040809999999
2020-09-17,4.619999885559082,0.038461538,0.576923077,0.384615385,0.34615384699999996
2020-09-18,4.739999771118164,0.054054054,0.648648649,0.297297297,0.24324324300000003
2020-09-21,4.440000057220459,0.032258065,0.35483871,0.612903226,0.5806451610000001
2020-09-22,4.429999828338623,0.16,0.6,0.24,0.07999999999999999
2020-09-23,4.03000020980835,0.047619048,0.571428571,0.380952381,0.333333333
2020-09-24,3.8299999237060547,0.0,0.5,0.5,0.5
2020-09-25,4.099999904632568,0.02173913,0.369565217,0.608695652,0.5869565219999999
2020-09-28,4.210000038146973,0.0,0.48,0.52,0.52
2020-09-29,4.440000057220459,0.111111111,0.388888889,0.5,0.388888889
2020-09-30,4.559999942779541,0.029850746,0.432835821,0.537313433,0.507462687
2020-10-01,4.659999847412109,0.022222222,0.533333333,0.444444444,0.422222222
2020-10-02,4.440000057220459,0.0,0.523809524,0.476190476,0.476190476
2020-10-05,4.519999980926514,0.0,0.666666667,0.333333333,0.333333333
2020-10-06,4.380000114440918,0.093023256,0.604651163,0.302325581,0.209302325
2020-10-07,4.460000038146973,0.0,0.666666667,0.333333333,0.333333333
2020-10-08,4.420000076293945,0.0625,0.5,0.4375,0.375
2020-10-09,4.559999942779541,0.074074074,0.555555556,0.37037037,0.296296296
2020-10-12,4.739999771118164,0.028571429,0.619047619,0.352380952,0.32380952300000004
2020-10-13,4.840000152587891,0.012195122,0.524390244,0.463414634,0.451219512
2020-10-14,4.619999885559082,0.0,0.594594595,0.405405405,0.405405405
2020-10-15,4.679999828338623,0.0,0.6,0.4,0.4
2020-10-16,4.869999885559082,0.065789474,0.684210526,0.25,0.18421052599999999
2020-10-19,4.630000114440918,0.038461538,0.461538462,0.5,0.461538462
2020-10-20,4.46999979019165,0.097560976,0.463414634,0.43902439,0.341463414
2020-10-21,4.289999961853027,0.064516129,0.483870968,0.451612903,0.387096774
2020-10-22,4.360000133514404,0.0,0.303030303,0.696969697,0.696969697
2020-10-23,4.389999866485596,0.020408163,0.653061224,0.326530612,0.306122449
2020-10-26,4.199999809265137,0.117647059,0.470588235,0.411764706,0.294117647
2020-10-27,4.199999809265137,0.090909091,0.5,0.409090909,0.318181818
2020-10-28,3.9100000858306885,0.0,0.736842105,0.263157895,0.263157895
2020-10-29,4.050000190734863,0.0,0.814814815,0.185185185,0.185185185
2020-10-30,3.940000057220459,0.032258065,0.741935484,0.225806452,0.193548387
2020-11-02,3.819999933242798,0.0,0.714285714,0.285714286,0.285714286
2020-11-03,3.9600000381469727,0.0,0.736842105,0.263157895,0.263157895
2020-11-04,3.9600000381469727,0.0,0.454545455,0.545454545,0.545454545
2020-11-05,4.039999961853027,0.0,0.47826087,0.52173913,0.52173913
2020-11-06,3.930000066757202,0.064516129,0.483870968,0.451612903,0.387096774
2020-11-09,3.7899999618530273,0.08045977,0.540229885,0.379310345,0.298850575
2020-11-10,3.430000066757202,0.055555556,0.333333333,0.611111111,0.5555555550000001
2020-11-11,3.880000114440918,0.043478261,0.347826087,0.608695652,0.565217391
2020-11-12,3.7300000190734863,0.028571429,0.257142857,0.714285714,0.685714285
2020-11-13,3.759999990463257,0.071428571,0.428571429,0.5,0.428571429
2020-11-16,3.9000000953674316,0.0,0.75,0.25,0.25
2020-11-17,3.740000009536743,0.0,0.363636364,0.636363636,0.636363636
2020-11-18,3.690000057220459,0.071428571,0.571428571,0.357142857,0.285714286
2020-11-19,3.9800000190734863,0.0,0.5,0.5,0.5
2020-11-20,3.880000114440918,0.0625,0.5625,0.375,0.3125
2020-11-23,3.950000047683716,0.076923077,0.307692308,0.615384615,0.538461538
2020-11-24,4.130000114440918,0.0,0.4,0.6,0.6
2020-11-25,4.039999961853027,0.0,0.545454545,0.454545455,0.454545455
2020-11-27,4.139999866485596,0.090909091,0.454545455,0.454545455,0.363636364
2020-11-30,4.349999904632568,0.0,0.421052632,0.578947368,0.578947368
2020-12-01,4.170000076293945,0.035714286,0.678571429,0.285714286,0.25
2020-12-02,4.159999847412109,0.0,0.36,0.64,0.64
2020-12-03,4.309999942779541,0.0,0.5,0.5,0.5
2020-12-04,4.210000038146973,0.027027027,0.297297297,0.675675676,0.648648649
2020-12-07,4.369999885559082,0.090909091,0.363636364,0.545454545,0.454545454
2020-12-08,4.340000152587891,0.130434783,0.47826087,0.391304348,0.260869565
2020-12-09,4.179999828338623,0.0,0.583333333,0.416666667,0.416666667
2020-12-10,4.130000114440918,0.0625,0.375,0.5625,0.5
2020-12-11,4.340000152587891,0.0,0.45,0.55,0.55
2020-12-14,4.829999923706055,0.0,0.393939394,0.606060606,0.606060606
2020-12-15,5.739999771118164,0.041958042,0.615384615,0.342657343,0.300699301
2020-12-16,6.349999904632568,0.02189781,0.591240876,0.386861314,0.364963504
2020-12-17,6.659999847412109,0.056179775,0.651685393,0.292134831,0.235955056
2020-12-18,8.3100004196167,0.075471698,0.558490566,0.366037736,0.290566038
2020-12-21,8.880000114440918,0.05,0.47,0.48,0.43
2020-12-22,10.600000381469727,0.022988506,0.614942529,0.362068966,0.33908046
2020-12-23,9.15999984741211,0.030075188,0.526315789,0.443609023,0.413533835
2020-12-24,9.050000190734863,0.068965517,0.396551724,0.534482759,0.465517242
2020-12-28,9.130000114440918,0.0,0.3,0.7,0.7
2020-12-29,8.289999961853027,0.02,0.36,0.62,0.6
2020-12-30,9.3100004196167,0.052631579,0.49122807,0.456140351,0.403508772
2020-12-31,9.079999923706055,0.023255814,0.488372093,0.488372093,0.465116279
2021-01-04,8.479999542236328,0.068181818,0.590909091,0.340909091,0.272727273
2021-01-05,8.819999694824219,0.073170732,0.56097561,0.365853659,0.292682927
2021-01-06,8.630000114440918,0.020408163,0.530612245,0.448979592,0.428571429
2021-01-07,9.199999809265137,0.028571429,0.657142857,0.314285714,0.285714285
2021-01-08,9.029999732971191,0.0,0.446808511,0.553191489,0.553191489
2021-01-11,8.770000457763672,0.010152284,0.492385787,0.497461929,0.487309645
2021-01-12,8.75,0.012711864,0.415254237,0.572033898,0.559322034
2021-01-13,9.75,0.039408867,0.507389163,0.45320197,0.413793103
2021-01-14,9.489999771118164,0.01980198,0.564356436,0.415841584,0.396039604
2021-01-15,8.989999771118164,0.043478261,0.591304348,0.365217391,0.32173913
2021-01-19,9.229999542236328,0.032786885,0.639344262,0.327868852,0.295081967
2021-01-20,11.170000076293945,0.025906736,0.621761658,0.352331606,0.32642487000000003
2021-01-21,10.899999618530273,0.043103448,0.482758621,0.474137931,0.431034483
2021-01-22,12.369999885559082,0.049773756,0.552036199,0.398190045,0.348416289
2021-01-25,14.819999694824219,0.043859649,0.513157895,0.442982456,0.399122807
2021-01-26,14.859999656677246,0.044303797,0.575949367,0.379746835,0.335443038
2021-01-27,13.9399995803833,0.029126214,0.621359223,0.349514563,0.320388349
2021-01-28,12.359999656677246,0.0875,0.6,0.3125,0.225
2021-01-29,11.050000190734863,0.053191489,0.521276596,0.425531915,0.372340426
2021-02-01,11.5600004196167,0.010752688,0.483870968,0.505376344,0.49462365599999997
2021-02-02,11.609999656677246,0.033898305,0.542372881,0.423728814,0.389830509
2021-02-03,11.760000228881836,0.0375,0.5875,0.375,0.3375
2021-02-04,12.420000076293945,0.008695652,0.617391304,0.373913043,0.365217391
2021-02-05,12.479999542236328,0.047619048,0.607142857,0.345238095,0.297619047
2021-02-08,12.899999618530273,0.0,0.581395349,0.418604651,0.418604651
2021-02-09,13.949999809265137,0.026548673,0.619469027,0.353982301,0.327433628
2021-02-10,13.760000228881836,0.009615385,0.644230769,0.346153846,0.336538461
2021-02-11,13.350000381469727,0.031746032,0.80952381,0.158730159,0.126984127
2021-02-12,16.950000762939453,0.043290043,0.666666667,0.29004329,0.246753247
2021-02-16,17.15999984741211,0.017241379,0.681034483,0.301724138,0.284482759
2021-02-17,16.829999923706055,0.028089888,0.58988764,0.382022472,0.353932584
2021-02-18,15.84000015258789,0.036363636,0.572727273,0.390909091,0.354545455
2021-02-19,17.729999542236328,0.032432432,0.589189189,0.378378378,0.345945946
2021-02-22,20.479999542236328,0.051282051,0.620512821,0.328205128,0.276923077
2021-02-23,19.15999984741211,0.06763285,0.603864734,0.328502415,0.260869565
2021-02-24,18.889999389648438,0.036697248,0.619266055,0.344036697,0.307339449
2021-02-25,18.079999923706055,0.089285714,0.517857143,0.392857143,0.303571429
2021-02-26,18.81999969482422,0.052631579,0.584795322,0.362573099,0.30994152
2021-03-01,23.59000015258789,0.033057851,0.537190083,0.429752066,0.396694215
2021-03-02,22.719999313354492,0.053921569,0.642156863,0.303921569,0.25
2021-03-03,20.260000228881836,0.015748031,0.543307087,0.440944882,0.425196851
2021-03-04,15.619999885559082,0.137142857,0.52,0.342857143,0.20571428599999997
2021-03-05,16.040000915527344,0.043343653,0.377708978,0.578947368,0.535603715
2021-03-08,13.760000228881836,0.136752137,0.47008547,0.393162393,0.256410256
2021-03-09,15.8100004196167,0.037313433,0.559701493,0.402985075,0.365671642
2021-03-10,16.190000534057617,0.042735043,0.581196581,0.376068376,0.333333333
2021-03-11,19.510000228881836,0.031847134,0.624203822,0.343949045,0.312101911
2021-03-12,22.1200008392334,0.050251256,0.628140704,0.32160804,0.27135678399999996
2021-03-15,22.219999313354492,0.032258065,0.580645161,0.387096774,0.354838709
2021-03-16,18.940000534057617,0.057591623,0.633507853,0.308900524,0.25130890100000003
2021-03-17,21.969999313354492,0.03030303,0.450757576,0.518939394,0.488636364
2021-03-18,23.84000015258789,0.034090909,0.599431818,0.366477273,0.332386364
2021-03-19,28.809999465942383,0.046025105,0.59832636,0.355648536,0.309623431
2021-03-22,27.6299991607666,0.04494382,0.595505618,0.359550562,0.314606742
2021-03-23,26.25,0.047619048,0.598639456,0.353741497,0.306122449
2021-03-24,23.049999237060547,0.077922078,0.545454545,0.376623377,0.298701299
2021-03-25,26.31999969482422,0.116607774,0.530035336,0.35335689,0.23674911599999998
2021-03-26,22.84000015258789,0.13003663,0.631868132,0.238095238,0.108058608
2021-03-29,20.639999389648438,0.057471264,0.735632184,0.206896552,0.14942528800000002
2021-03-30,22.020000457763672,0.036363636,0.545454545,0.418181818,0.381818182
2021-03-31,25.440000534057617,0.040650407,0.581300813,0.37804878,0.337398373
2021-04-01,24.850000381469727,0.149068323,0.50931677,0.341614907,0.19254658400000002
2021-04-05,27.940000534057617,0.050505051,0.601010101,0.348484848,0.297979797
2021-04-06,28.1200008392334,0.078817734,0.551724138,0.369458128,0.29064039399999997
2021-04-07,28.940000534057617,0.059925094,0.513108614,0.426966292,0.367041198
2021-04-08,30.56999969482422,0.031007752,0.600775194,0.368217054,0.337209302
2021-04-09,29.270000457763672,0.047619048,0.607142857,0.345238095,0.297619047
2021-04-12,26.229999542236328,0.078947368,0.543859649,0.377192982,0.298245614
2021-04-13,25.81999969482422,0.03968254,0.642857143,0.317460317,0.277777777
2021-04-14,25.799999237060547,0.048076923,0.615384615,0.336538462,0.288461539
2021-04-15,23.15999984741211,0.071428571,0.595238095,0.333333333,0.261904762
2021-04-16,22.93000030517578,0.074468085,0.617021277,0.308510638,0.234042553
2021-04-19,22.149999618530273,0.056603774,0.622641509,0.320754717,0.264150943
2021-04-20,20.579999923706055,0.072580645,0.532258065,0.39516129,0.322580645
2021-04-21,22.8700008392334,0.047619048,0.510204082,0.442176871,0.39455782300000003
2021-04-22,21.8799991607666,0.042735043,0.606837607,0.35042735,0.30769230700000005
2021-04-23,23.1299991607666,0.090909091,0.621212121,0.287878788,0.196969697
2021-04-26,25.81999969482422,0.006944444,0.638888889,0.354166667,0.347222223
2021-04-27,24.020000457763672,0.033707865,0.662921348,0.303370787,0.26966292199999997
2021-04-28,24.59000015258789,0.04,0.6,0.36,0.32
2021-04-29,23.68000030517578,0.101123596,0.584269663,0.314606742,0.213483146
2021-04-30,23.06999969482422,0.017857143,0.660714286,0.321428571,0.303571428
2021-05-03,21.5,0.035087719,0.570175439,0.394736842,0.35964912299999996
2021-05-04,21.690000534057617,0.084745763,0.593220339,0.322033898,0.23728813499999998
2021-05-05,20.780000686645508,0.075268817,0.559139785,0.365591398,0.290322581
2021-05-06,19.899999618530273,0.072289157,0.457831325,0.469879518,0.397590361
2021-05-07,18.81999969482422,0.03125,0.552083333,0.416666667,0.385416667
2021-05-10,17.290000915527344,0.071794872,0.564102564,0.364102564,0.292307692
2021-05-11,16.920000076293945,0.076923077,0.572115385,0.350961538,0.274038461
2021-05-12,15.65999984741211,0.043478261,0.550724638,0.405797101,0.36231884
2021-05-13,15.170000076293945,0.0,0.660377358,0.339622642,0.339622642
2021-05-14,15.699999809265137,0.04,0.32,0.64,0.6
2021-05-17,15.59000015258789,0.114285714,0.485714286,0.4,0.28571428600000004
2021-05-18,16.56999969482422,0.109589041,0.452054795,0.438356164,0.328767123
2021-05-19,16.030000686645508,0.089285714,0.517857143,0.392857143,0.303571429
2021-05-20,16.6299991607666,0.060606061,0.515151515,0.424242424,0.363636363
2021-05-21,16.0,0.054545455,0.472727273,0.472727273,0.418181818
2021-05-24,16.40999984741211,0.032608696,0.282608696,0.684782609,0.6521739129999999
2021-05-25,17.040000915527344,0.031746032,0.619047619,0.349206349,0.31746031700000005
2021-05-26,18.760000228881836,0.062992126,0.551181102,0.385826772,0.322834646
2021-05-27,19.09000015258789,0.010638298,0.574468085,0.414893617,0.404255319
2021-05-28,17.459999084472656,0.08,0.573333333,0.346666667,0.26666666699999997
2021-06-01,18.799999237060547,0.042553191,0.553191489,0.404255319,0.361702128
2021-06-02,19.989999771118164,0.110091743,0.47706422,0.412844037,0.302752294
2021-06-03,18.8700008392334,0.037383178,0.523364486,0.439252336,0.401869158
2021-06-04,18.729999542236328,0.045454545,0.659090909,0.295454545,0.25
2021-06-07,19.399999618530273,0.037037037,0.666666667,0.296296296,0.259259259
