Date,ocgn,negative,neutral,positive,signal
2015-06-16,419.3999938964844,0.0,1.0,0.0,0.0
2015-06-17,384.6000061035156,,,,
2015-06-18,398.3999938964844,,,,
2015-06-19,374.3999938964844,,,,
2015-06-22,399.0,,,,
2015-06-23,414.0,,,,
2015-06-24,411.6000061035156,,,,
2015-06-25,397.79998779296875,,,,
2015-06-26,417.0,,,,
2015-06-29,376.20001220703125,,,,
2015-06-30,387.6000061035156,,,,
2015-07-01,384.6000061035156,,,,
2015-07-02,382.20001220703125,,,,
2015-07-06,383.3999938964844,,,,
2015-07-07,379.79998779296875,,,,
2015-07-08,363.6000061035156,,,,
2015-07-09,379.79998779296875,,,,
2015-07-10,373.79998779296875,,,,
2015-07-13,372.0,,,,
2015-07-14,384.0,,,,
2015-07-15,396.6000061035156,,,,
2015-07-16,404.3999938964844,,,,
2015-07-17,413.3999938964844,,,,
2015-07-20,396.6000061035156,,,,
2015-07-21,394.20001220703125,,,,
2015-07-22,383.3999938964844,,,,
2015-07-23,378.0,,,,
2015-07-24,366.0,,,,
2015-07-27,366.0,,,,
2015-07-28,375.6000061035156,,,,
2015-07-29,366.6000061035156,,,,
2015-07-30,361.79998779296875,,,,
2015-07-31,382.5,,,,
2015-08-03,374.3999938964844,,,,
2015-08-04,378.0,,,,
2015-08-05,384.0,,,,
2015-08-06,369.6000061035156,,,,
2015-08-07,371.3999938964844,,,,
2015-08-10,382.20001220703125,,,,
2015-08-11,382.20001220703125,,,,
2015-08-12,367.79998779296875,,,,
2015-08-13,393.6000061035156,,,,
2015-08-14,398.3999938964844,,,,
2015-08-17,406.79998779296875,,,,
2015-08-18,400.20001220703125,,,,
2015-08-19,376.20001220703125,,,,
2015-08-20,371.3999938964844,,,,
2015-08-21,351.0,,,,
2015-08-24,330.6000061035156,,,,
2015-08-25,342.0,,,,
2015-08-26,346.79998779296875,,,,
2015-08-27,365.3999938964844,,,,
2015-08-28,370.20001220703125,,,,
2015-08-31,371.3999938964844,,,,
2015-09-01,362.3999938964844,,,,
2015-09-02,360.0,,,,
2015-09-03,360.0,,,,
2015-09-04,355.79998779296875,,,,
2015-09-08,370.20001220703125,,,,
2015-09-09,371.3999938964844,,,,
2015-09-10,364.79998779296875,,,,
2015-09-11,334.79998779296875,,,,
2015-09-14,336.0,,,,
2015-09-15,338.3999938964844,,,,
2015-09-16,358.20001220703125,,,,
2015-09-17,357.6000061035156,,,,
2015-09-18,357.0,,,,
2015-09-21,342.6000061035156,,,,
2015-09-22,315.0,,,,
2015-09-23,298.20001220703125,,,,
2015-09-24,282.0,,,,
2015-09-25,284.3999938964844,,,,
2015-09-28,270.6000061035156,,,,
2015-09-29,237.60000610351562,,,,
2015-09-30,239.0399932861328,,,,
2015-10-01,239.39999389648438,,,,
2015-10-02,238.67999267578125,,,,
2015-10-05,264.0,,,,
2015-10-06,262.20001220703125,,,,
2015-10-07,264.0,,,,
2015-10-08,282.6000061035156,,,,
2015-10-09,264.0,,,,
2015-10-12,265.20001220703125,,,,
2015-10-13,264.6000061035156,,,,
2015-10-14,258.0,,,,
2015-10-15,276.0,,,,
2015-10-16,264.0,,,,
2015-10-19,268.79998779296875,,,,
2015-10-20,268.79998779296875,,,,
2015-10-21,268.79998779296875,,,,
2015-10-22,269.3999938964844,,,,
2015-10-23,269.3999938964844,,,,
2015-10-26,231.0,,,,
2015-10-27,242.39999389648438,,,,
2015-10-28,254.39999389648438,,,,
2015-10-29,259.79998779296875,,,,
2015-10-30,246.60000610351562,,,,
2015-11-02,256.20001220703125,,,,
2015-11-03,263.3999938964844,,,,
2015-11-04,255.0,,,,
2015-11-05,249.0,,,,
2015-11-06,261.0,,,,
2015-11-09,252.60000610351562,,,,
2015-11-10,265.20001220703125,,,,
2015-11-11,264.6000061035156,,,,
2015-11-12,251.39999389648438,,,,
2015-11-13,220.8000030517578,,,,
2015-11-16,224.39999389648438,,,,
2015-11-17,210.0,,,,
2015-11-18,195.0,,,,
2015-11-19,188.39999389648438,,,,
2015-11-20,203.39999389648438,,,,
2015-11-23,208.8000030517578,,,,
2015-11-24,208.8000030517578,,,,
2015-11-25,205.1999969482422,,,,
2015-11-27,199.6199951171875,,,,
2015-11-30,197.39999389648438,,,,
2015-12-01,193.8000030517578,,,,
2015-12-02,192.0,,,,
2015-12-03,187.8000030517578,,,,
2015-12-04,192.0,,,,
2015-12-07,188.39999389648438,,,,
2015-12-08,188.39999389648438,,,,
2015-12-09,185.39999389648438,,,,
2015-12-10,181.8000030517578,,,,
2015-12-11,181.1999969482422,,,,
2015-12-14,186.60000610351562,,,,
2015-12-15,172.1999969482422,,,,
2015-12-16,171.60000610351562,,,,
2015-12-17,173.39999389648438,,,,
2015-12-18,178.1999969482422,,,,
2015-12-21,174.60000610351562,,,,
2015-12-22,175.5,,,,
2015-12-23,179.6999969482422,,,,
2015-12-24,176.39999389648438,,,,
2015-12-28,183.0,,,,
2015-12-29,181.1999969482422,,,,
2015-12-30,195.60000610351562,,,,
2015-12-31,210.0,,,,
2016-01-04,195.60000610351562,,,,
2016-01-05,192.60000610351562,,,,
2016-01-06,208.1999969482422,,,,
2016-01-07,198.0,,,,
2016-01-08,184.1999969482422,,,,
2016-01-11,194.39999389648438,,,,
2016-01-12,171.60000610351562,,,,
2016-01-13,153.0,,,,
2016-01-14,146.39999389648438,,,,
2016-01-15,133.8000030517578,,,,
2016-01-19,154.1999969482422,,,,
2016-01-20,138.3000030517578,,,,
2016-01-21,135.60000610351562,,,,
2016-01-22,138.60000610351562,,,,
2016-01-25,160.8000030517578,,,,
2016-01-26,184.1999969482422,,,,
2016-01-27,170.10000610351562,,,,
2016-01-28,177.60000610351562,,,,
2016-01-29,180.60000610351562,,,,
2016-02-01,168.60000610351562,,,,
2016-02-02,173.39999389648438,,,,
2016-02-03,151.8000030517578,,,,
2016-02-04,150.0,,,,
2016-02-05,145.1999969482422,,,,
2016-02-08,150.60000610351562,,,,
2016-02-09,139.1999969482422,,,,
2016-02-10,158.39999389648438,,,,
2016-02-11,148.3800048828125,0.0,1.0,0.0,0.0
2016-02-12,157.8000030517578,0.0,1.0,0.0,0.0
2016-02-16,174.0,,,,
2016-02-17,178.1999969482422,,,,
2016-02-18,156.0,,,,
2016-02-19,156.0,,,,
2016-02-22,150.60000610351562,,,,
2016-02-23,150.1199951171875,,,,
2016-02-24,147.0,,,,
2016-02-25,131.39999389648438,,,,
2016-02-26,153.60000610351562,0.0,1.0,0.0,0.0
2016-02-29,156.0,,,,
2016-03-01,168.60000610351562,,,,
2016-03-02,165.0,,,,
2016-03-03,157.1999969482422,,,,
2016-03-04,158.39999389648438,,,,
2016-03-07,156.0,,,,
2016-03-08,153.0,,,,
2016-03-09,148.1999969482422,,,,
2016-03-10,156.0,,,,
2016-03-11,161.39999389648438,,,,
2016-03-14,156.60000610351562,,,,
2016-03-15,159.60000610351562,,,,
2016-03-16,157.8000030517578,,,,
2016-03-17,139.1999969482422,,,,
2016-03-18,145.8000030517578,,,,
2016-03-21,147.60000610351562,,,,
2016-03-22,147.0,,,,
2016-03-23,143.39999389648438,,,,
2016-03-24,148.8000030517578,,,,
2016-03-28,147.0,,,,
2016-03-29,139.8000030517578,,,,
2016-03-30,149.39999389648438,,,,
2016-03-31,137.39999389648438,,,,
2016-04-01,143.39999389648438,0.0,1.0,0.0,0.0
2016-04-04,153.60000610351562,,,,
2016-04-05,148.1999969482422,,,,
2016-04-06,149.63999938964844,,,,
2016-04-07,144.60000610351562,,,,
2016-04-08,141.60000610351562,,,,
2016-04-11,142.8000030517578,,,,
2016-04-12,142.8000030517578,,,,
2016-04-13,141.0,,,,
2016-04-14,144.0,,,,
2016-04-15,141.0,,,,
2016-04-18,142.8000030517578,,,,
2016-04-19,144.0,,,,
2016-04-20,151.67999267578125,,,,
2016-04-21,144.0,,,,
2016-04-22,141.0,,,,
2016-04-25,139.8000030517578,,,,
2016-04-26,139.8000030517578,,,,
2016-04-27,134.39999389648438,,,,
2016-04-28,136.1999969482422,,,,
2016-04-29,136.1999969482422,,,,
2016-05-02,135.0,,,,
2016-05-03,135.0,,,,
2016-05-04,129.0,,,,
2016-05-05,101.4000015258789,,,,
2016-05-06,99.30000305175781,,,,
2016-05-09,94.19999694824219,,,,
2016-05-10,83.4000015258789,,,,
2016-05-11,85.80000305175781,,,,
2016-05-12,108.0,,,,
2016-05-13,112.80000305175781,,,,
2016-05-16,114.0,,,,
2016-05-17,114.0,,,,
2016-05-18,118.19999694824219,,,,
2016-05-19,110.4000015258789,,,,
2016-05-20,108.5999984741211,,,,
2016-05-23,111.5999984741211,,,,
2016-05-24,119.4000015258789,,,,
2016-05-25,115.80000305175781,,,,
2016-05-26,117.5999984741211,,,,
2016-05-27,120.0,,,,
2016-05-31,111.5999984741211,,,,
2016-06-01,120.0,,,,
2016-06-02,114.0,,,,
2016-06-03,115.80000305175781,,,,
2016-06-06,119.4000015258789,,,,
2016-06-07,120.0,,,,
2016-06-08,120.0,,,,
2016-06-09,113.4000015258789,,,,
2016-06-10,110.4000015258789,,,,
2016-06-13,108.0,,,,
2016-06-14,108.5999984741211,,,,
2016-06-15,106.80000305175781,,,,
2016-06-16,119.4000015258789,,,,
2016-06-17,115.80000305175781,,,,
2016-06-20,108.0,,,,
2016-06-21,109.80000305175781,,,,
2016-06-22,106.80000305175781,,,,
2016-06-23,109.80000305175781,,,,
2016-06-24,107.4000015258789,,,,
2016-06-27,106.19999694824219,,,,
2016-06-28,106.80000305175781,,,,
2016-06-29,105.0,,,,
2016-06-30,102.5999984741211,,,,
2016-07-01,106.19999694824219,,,,
2016-07-05,105.5999984741211,,,,
2016-07-06,99.5999984741211,,,,
2016-07-07,98.4000015258789,,,,
2016-07-08,110.87999725341797,,,,
2016-07-11,120.5999984741211,,,,
2016-07-12,117.5999984741211,,,,
2016-07-13,120.0,,,,
2016-07-14,120.0,,,,
2016-07-15,111.5999984741211,,,,
2016-07-18,112.80000305175781,,,,
2016-07-19,110.4000015258789,,,,
2016-07-20,111.0,,,,
2016-07-21,114.0,,,,
2016-07-22,111.66000366210938,,,,
2016-07-25,118.80000305175781,,,,
2016-07-26,117.9000015258789,,,,
2016-07-27,120.0,,,,
2016-07-28,120.0,,,,
2016-07-29,115.08000183105469,,,,
2016-08-01,120.0,,,,
2016-08-02,119.4000015258789,,,,
2016-08-03,119.4000015258789,,,,
2016-08-04,117.5999984741211,,,,
2016-08-05,120.0,,,,
2016-08-08,123.0,,,,
2016-08-09,120.0,,,,
2016-08-10,118.80000305175781,,,,
2016-08-11,119.94000244140625,,,,
2016-08-12,127.19999694824219,,,,
2016-08-15,169.1999969482422,,,,
2016-08-16,221.39999389648438,,,,
2016-08-17,198.60000610351562,,,,
2016-08-18,190.8000030517578,,,,
2016-08-19,185.39999389648438,,,,
2016-08-22,173.39999389648438,,,,
2016-08-23,169.8000030517578,,,,
2016-08-24,173.39999389648438,,,,
2016-08-25,175.8000030517578,,,,
2016-08-26,178.1999969482422,,,,
2016-08-29,177.60000610351562,,,,
2016-08-30,178.1999969482422,,,,
2016-08-31,186.60000610351562,,,,
2016-09-01,193.1999969482422,,,,
2016-09-02,196.8000030517578,,,,
2016-09-06,181.1999969482422,,,,
2016-09-07,213.60000610351562,,,,
2016-09-08,240.60000610351562,,,,
2016-09-09,217.1999969482422,,,,
2016-09-12,216.60000610351562,,,,
2016-09-13,200.39999389648438,,,,
2016-09-14,198.60000610351562,,,,
2016-09-15,206.39999389648438,,,,
2016-09-16,192.60000610351562,,,,
2016-09-19,184.1999969482422,,,,
2016-09-20,197.39999389648438,,,,
2016-09-21,191.39999389648438,,,,
2016-09-22,183.60000610351562,,,,
2016-09-23,195.3000030517578,,,,
2016-09-26,190.1999969482422,,,,
2016-09-27,191.39999389648438,,,,
2016-09-28,190.1999969482422,,,,
2016-09-29,193.1999969482422,,,,
2016-09-30,192.60000610351562,,,,
2016-10-03,186.0,,,,
2016-10-04,191.39999389648438,,,,
2016-10-05,194.39999389648438,,,,
2016-10-06,192.89999389648438,,,,
2016-10-07,183.0,,,,
2016-10-10,185.39999389648438,,,,
2016-10-11,183.60000610351562,,,,
2016-10-12,176.39999389648438,,,,
2016-10-13,173.39999389648438,,,,
2016-10-14,171.0,,,,
2016-10-17,165.60000610351562,,,,
2016-10-18,170.39999389648438,,,,
2016-10-19,164.39999389648438,,,,
2016-10-20,166.1999969482422,,,,
2016-10-21,159.60000610351562,,,,
2016-10-24,171.0,,,,
2016-10-25,173.39999389648438,,,,
2016-10-26,178.1999969482422,,,,
2016-10-27,149.10000610351562,,,,
2016-10-28,146.39999389648438,,,,
2016-10-31,161.39999389648438,,,,
2016-11-01,150.60000610351562,,,,
2016-11-02,146.39999389648438,,,,
2016-11-03,139.74000549316406,,,,
2016-11-04,138.60000610351562,,,,
2016-11-07,138.60000610351562,,,,
2016-11-08,152.39999389648438,,,,
2016-11-09,146.39999389648438,,,,
2016-11-10,133.8000030517578,,,,
2016-11-11,141.0,,,,
2016-11-14,135.0,,,,
2016-11-15,132.60000610351562,,,,
2016-11-16,135.0,,,,
2016-11-17,139.1999969482422,,,,
2016-11-18,133.8000030517578,,,,
2016-11-21,136.8000030517578,,,,
2016-11-22,135.0,,,,
2016-11-23,126.0,,,,
2016-11-25,122.4000015258789,,,,
2016-11-28,120.0,,,,
2016-11-29,120.0,,,,
2016-11-30,115.80000305175781,,,,
2016-12-01,120.0,,,,
2016-12-02,115.80000305175781,,,,
2016-12-05,119.4000015258789,,,,
2016-12-06,117.5999984741211,,,,
2016-12-07,114.5999984741211,,,,
2016-12-08,114.5999984741211,,,,
2016-12-09,111.5999984741211,,,,
2016-12-12,107.4000015258789,,,,
2016-12-13,102.5999984741211,,,,
2016-12-14,103.19999694824219,,,,
2016-12-15,96.5999984741211,0.0,1.0,0.0,0.0
2016-12-16,94.80000305175781,0.0,1.0,0.0,0.0
2016-12-19,108.0,,,,
2016-12-20,105.5999984741211,,,,
2016-12-21,106.80000305175781,,,,
2016-12-22,102.5999984741211,,,,
2016-12-23,104.4000015258789,,,,
2016-12-27,105.5999984741211,,,,
2016-12-28,106.80000305175781,,,,
2016-12-29,101.4000015258789,,,,
2016-12-30,100.19999694824219,,,,
2017-01-03,99.5999984741211,,,,
2017-01-04,99.5999984741211,,,,
2017-01-05,97.19999694824219,,,,
2017-01-06,95.4000015258789,,,,
2017-01-09,94.19999694824219,,,,
2017-01-10,92.4000015258789,,,,
2017-01-11,91.19999694824219,,,,
2017-01-12,99.0,,,,
2017-01-13,103.19999694824219,,,,
2017-01-17,102.0,,,,
2017-01-18,98.4000015258789,,,,
2017-01-19,91.80000305175781,,,,
2017-01-20,91.19999694824219,,,,
2017-01-23,88.80000305175781,,,,
2017-01-24,90.5999984741211,,,,
2017-01-25,92.4000015258789,,,,
2017-01-26,92.4000015258789,,,,
2017-01-27,91.19999694824219,,,,
2017-01-30,94.19999694824219,,,,
2017-01-31,95.4000015258789,,,,
2017-02-01,102.5999984741211,,,,
2017-02-02,113.4000015258789,0.0,0.0,1.0,1.0
2017-02-03,100.80000305175781,,,,
2017-02-06,97.5,,,,
2017-02-07,99.5999984741211,0.0,0.0,1.0,1.0
2017-02-08,106.80000305175781,,,,
2017-02-09,105.5999984741211,,,,
2017-02-10,105.5999984741211,,,,
2017-02-13,106.80000305175781,,,,
2017-02-14,103.19999694824219,,,,
2017-02-15,106.19999694824219,,,,
2017-02-16,103.80000305175781,,,,
2017-02-17,104.4000015258789,,,,
2017-02-21,105.0,,,,
2017-02-22,102.0,,,,
2017-02-23,100.19999694824219,,,,
2017-02-24,99.5999984741211,,,,
2017-02-27,101.4000015258789,,,,
2017-02-28,100.19999694824219,,,,
2017-03-01,100.80000305175781,,,,
2017-03-02,102.5999984741211,,,,
2017-03-03,102.5999984741211,,,,
2017-03-06,100.19999694824219,,,,
2017-03-07,100.80000305175781,,,,
2017-03-08,104.4000015258789,,,,
2017-03-09,108.72000122070312,,,,
2017-03-10,110.4000015258789,,,,
2017-03-13,111.5999984741211,,,,
2017-03-14,106.80000305175781,,,,
2017-03-15,106.80000305175781,,,,
2017-03-16,107.4000015258789,,,,
2017-03-17,108.0,,,,
2017-03-20,103.80000305175781,,,,
2017-03-21,97.19999694824219,,,,
2017-03-22,96.5999984741211,,,,
2017-03-23,100.19999694824219,,,,
2017-03-24,100.80000305175781,,,,
2017-03-27,103.19999694824219,,,,
2017-03-28,102.0,,,,
2017-03-29,106.19999694824219,,,,
2017-03-30,105.0,,,,
2017-03-31,103.80000305175781,,,,
2017-04-03,99.0,,,,
2017-04-04,105.0,,,,
2017-04-05,100.19999694824219,,,,
2017-04-06,102.5999984741211,,,,
2017-04-07,103.80000305175781,,,,
2017-04-10,106.80000305175781,,,,
2017-04-11,106.19999694824219,,,,
2017-04-12,106.19999694824219,,,,
2017-04-13,106.80000305175781,,,,
2017-04-17,104.0999984741211,,,,
2017-04-18,100.80000305175781,,,,
2017-04-19,100.80000305175781,,,,
2017-04-20,99.5999984741211,,,,
2017-04-21,99.5999984741211,,,,
2017-04-24,97.80000305175781,,,,
2017-04-25,102.0,,,,
2017-04-26,103.5,,,,
2017-04-27,105.0,,,,
2017-04-28,104.4000015258789,,,,
2017-05-01,102.5999984741211,,,,
2017-05-02,105.5999984741211,,,,
2017-05-03,103.80000305175781,,,,
2017-05-04,102.0,,,,
2017-05-05,102.5999984741211,,,,
2017-05-08,103.19999694824219,,,,
2017-05-09,102.0,,,,
2017-05-10,102.0,,,,
2017-05-11,103.80000305175781,,,,
2017-05-12,100.80000305175781,,,,
2017-05-15,100.80000305175781,,,,
2017-05-16,100.80000305175781,,,,
2017-05-17,99.30000305175781,,,,
2017-05-18,102.0,,,,
2017-05-19,102.0,,,,
2017-05-22,100.80000305175781,,,,
2017-05-23,100.80000305175781,,,,
2017-05-24,100.13999938964844,,,,
2017-05-25,99.0,,,,
2017-05-26,99.5999984741211,,,,
2017-05-30,100.19999694824219,,,,
2017-05-31,96.5999984741211,,,,
2017-06-01,99.0,,,,
2017-06-02,103.19999694824219,,,,
2017-06-05,100.19999694824219,,,,
2017-06-06,100.80000305175781,,,,
2017-06-07,99.0,,,,
2017-06-08,100.80000305175781,,,,
2017-06-09,102.0,,,,
2017-06-12,99.5999984741211,,,,
2017-06-13,103.19999694824219,,,,
2017-06-14,99.5999984741211,,,,
2017-06-15,99.0,,,,
2017-06-16,96.0,,,,
2017-06-19,99.0,,,,
2017-06-20,101.4000015258789,,,,
2017-06-21,102.5999984741211,,,,
2017-06-22,107.4000015258789,,,,
2017-06-23,111.0,,,,
2017-06-26,111.0,,,,
2017-06-27,108.0,,,,
2017-06-28,107.4000015258789,,,,
2017-06-29,109.80000305175781,,,,
2017-06-30,107.4000015258789,,,,
2017-07-03,103.80000305175781,,,,
2017-07-05,105.0,,,,
2017-07-06,104.4000015258789,,,,
2017-07-07,102.0,,,,
2017-07-10,103.80000305175781,,,,
2017-07-11,103.19999694824219,,,,
2017-07-12,106.19999694824219,,,,
2017-07-13,109.80000305175781,,,,
2017-07-14,114.0,,,,
2017-07-17,113.4000015258789,,,,
2017-07-18,114.5999984741211,,,,
2017-07-19,117.0,,,,
2017-07-20,118.19999694824219,,,,
2017-07-21,116.94000244140625,,,,
2017-07-24,117.0,,,,
2017-07-25,115.19999694824219,,,,
2017-07-26,115.13999938964844,,,,
2017-07-27,114.0,,,,
2017-07-28,112.19999694824219,,,,
2017-07-31,111.0,,,,
2017-08-01,109.80000305175781,,,,
2017-08-02,108.5999984741211,,,,
2017-08-03,111.5999984741211,,,,
2017-08-04,112.19999694824219,,,,
2017-08-07,112.80000305175781,,,,
2017-08-08,108.0,,,,
2017-08-09,108.0,0.0,1.0,0.0,0.0
2017-08-10,107.58000183105469,,,,
2017-08-11,110.4000015258789,,,,
2017-08-14,110.4000015258789,,,,
2017-08-15,107.4000015258789,,,,
2017-08-16,107.22000122070312,,,,
2017-08-17,106.44000244140625,,,,
2017-08-18,108.0,,,,
2017-08-21,107.4000015258789,,,,
2017-08-22,105.0,,,,
2017-08-23,100.80000305175781,,,,
2017-08-24,101.4000015258789,,,,
2017-08-25,109.19999694824219,,,,
2017-08-28,106.80000305175781,,,,
2017-08-29,109.19999694824219,,,,
2017-08-30,109.80000305175781,,,,
2017-08-31,110.4000015258789,,,,
2017-09-01,111.5999984741211,,,,
2017-09-05,111.5999984741211,,,,
2017-09-06,111.0,,,,
2017-09-07,113.4000015258789,,,,
2017-09-08,115.19999694824219,,,,
2017-09-11,117.0,,,,
2017-09-12,122.27999877929688,,,,
2017-09-13,127.80000305175781,,,,
2017-09-14,126.0,,,,
2017-09-15,124.80000305175781,,,,
2017-09-18,123.0,,,,
2017-09-19,120.5999984741211,,,,
2017-09-20,120.0,0.0,0.0,1.0,1.0
2017-09-21,117.5999984741211,,,,
2017-09-22,120.5999984741211,,,,
2017-09-25,117.5999984741211,,,,
2017-09-26,116.0999984741211,,,,
2017-09-27,118.80000305175781,,,,
2017-09-28,118.80000305175781,,,,
2017-09-29,118.80000305175781,,,,
2017-10-02,120.0,,,,
2017-10-03,121.80000305175781,,,,
2017-10-04,123.0,,,,
2017-10-05,130.8000030517578,,,,
2017-10-06,131.39999389648438,,,,
2017-10-09,127.19999694824219,,,,
2017-10-10,127.19999694824219,,,,
2017-10-11,128.39999389648438,,,,
2017-10-12,139.8000030517578,,,,
2017-10-13,133.44000244140625,,,,
2017-10-16,130.1999969482422,,,,
2017-10-17,126.0,,,,
2017-10-18,127.19999694824219,,,,
2017-10-19,130.8000030517578,,,,
2017-10-20,135.0,,,,
2017-10-23,135.0,,,,
2017-10-24,132.0,,,,
2017-10-25,129.0,,,,
2017-10-26,130.1999969482422,,,,
2017-10-27,127.80000305175781,,,,
2017-10-30,129.0,,,,
2017-10-31,127.80000305175781,,,,
2017-11-01,128.39999389648438,,,,
2017-11-02,128.39999389648438,,,,
2017-11-03,128.39999389648438,,,,
2017-11-06,128.39999389648438,,,,
2017-11-07,127.5,,,,
2017-11-08,127.80000305175781,,,,
2017-11-09,121.80000305175781,,,,
2017-11-10,121.19999694824219,,,,
2017-11-13,118.80000305175781,,,,
2017-11-14,115.31999969482422,,,,
2017-11-15,115.19999694824219,,,,
2017-11-16,111.0,,,,
2017-11-17,114.5999984741211,,,,
2017-11-20,119.0999984741211,,,,
2017-11-21,118.19999694824219,,,,
2017-11-22,121.80000305175781,,,,
2017-11-24,123.0,,,,
2017-11-27,122.4000015258789,,,,
2017-11-28,122.4000015258789,,,,
2017-11-29,120.0,,,,
2017-11-30,119.4000015258789,,,,
2017-12-01,118.19999694824219,,,,
2017-12-04,118.19999694824219,,,,
2017-12-05,117.5999984741211,,,,
2017-12-06,115.19999694824219,,,,
2017-12-07,115.80000305175781,,,,
2017-12-08,115.19999694824219,,,,
2017-12-11,114.0,,,,
2017-12-12,114.0,,,,
2017-12-13,112.80000305175781,,,,
2017-12-14,108.5999984741211,,,,
2017-12-15,111.5999984741211,,,,
2017-12-18,106.19999694824219,,,,
2017-12-19,103.19999694824219,,,,
2017-12-20,104.4000015258789,,,,
2017-12-21,123.5999984741211,,,,
2017-12-22,122.4000015258789,,,,
2017-12-26,123.5999984741211,,,,
2017-12-27,120.5999984741211,,,,
2017-12-28,121.80000305175781,,,,
2017-12-29,123.0,,,,
2018-01-02,124.19999694824219,,,,
2018-01-03,126.5999984741211,,,,
2018-01-04,133.8000030517578,,,,
2018-01-05,133.1999969482422,,,,
2018-01-08,134.39999389648438,,,,
2018-01-09,147.60000610351562,,,,
2018-01-10,159.0,,,,
2018-01-11,175.1999969482422,,,,
2018-01-12,166.8000030517578,,,,
2018-01-16,161.39999389648438,,,,
2018-01-17,156.0,,,,
2018-01-18,150.0,,,,
2018-01-19,153.60000610351562,,,,
2018-01-22,153.60000610351562,,,,
2018-01-23,156.0,,,,
2018-01-24,156.60000610351562,,,,
2018-01-25,160.1999969482422,,,,
2018-01-26,151.8000030517578,,,,
2018-01-29,158.39999389648438,,,,
2018-01-30,169.1999969482422,,,,
2018-01-31,166.1999969482422,,,,
2018-02-01,167.39999389648438,,,,
2018-02-02,170.39999389648438,,,,
2018-02-05,156.60000610351562,,,,
2018-02-06,149.39999389648438,,,,
2018-02-07,156.0,,,,
2018-02-08,154.1999969482422,,,,
2018-02-09,156.0,,,,
2018-02-12,155.39999389648438,,,,
2018-02-13,157.1999969482422,,,,
2018-02-14,154.1999969482422,,,,
2018-02-15,156.60000610351562,,,,
2018-02-16,157.8000030517578,,,,
2018-02-20,157.1999969482422,,,,
2018-02-21,153.17999267578125,,,,
2018-02-22,155.39999389648438,,,,
2018-02-23,155.39999389648438,,,,
2018-02-26,157.1999969482422,,,,
2018-02-27,156.0,,,,
2018-02-28,154.8000030517578,,,,
2018-03-01,156.0,,,,
2018-03-02,160.1999969482422,,,,
2018-03-05,158.39999389648438,,,,
2018-03-06,158.39999389648438,,,,
2018-03-07,168.0,,,,
2018-03-08,169.8000030517578,,,,
2018-03-09,171.60000610351562,,,,
2018-03-12,170.6999969482422,,,,
2018-03-13,168.05999755859375,,,,
2018-03-14,182.39999389648438,,,,
2018-03-15,174.0,,,,
2018-03-16,176.39999389648438,,,,
2018-03-19,174.0,0.0,1.0,0.0,0.0
2018-03-20,180.0,0.0,0.666666667,0.333333333,0.333333333
2018-03-21,179.39999389648438,0.0,1.0,0.0,0.0
2018-03-22,173.39999389648438,,,,
2018-03-23,169.1999969482422,,,,
2018-03-26,163.1999969482422,,,,
2018-03-27,163.1999969482422,,,,
2018-03-28,165.0,,,,
2018-03-29,165.0,,,,
2018-04-02,161.39999389648438,,,,
2018-04-03,160.1999969482422,,,,
2018-04-04,170.39999389648438,,,,
2018-04-05,168.0,,,,
2018-04-06,168.0,,,,
2018-04-09,163.8000030517578,,,,
2018-04-10,160.8000030517578,,,,
2018-04-11,165.60000610351562,,,,
2018-04-12,170.39999389648438,,,,
2018-04-13,172.8000030517578,,,,
2018-04-16,170.39999389648438,,,,
2018-04-17,163.1999969482422,,,,
2018-04-18,163.1999969482422,,,,
2018-04-19,161.6999969482422,,,,
2018-04-20,160.8000030517578,,,,
2018-04-23,160.8000030517578,,,,
2018-04-24,162.0,,,,
2018-04-25,160.1999969482422,0.0,0.0,1.0,1.0
2018-04-26,156.0,,,,
2018-04-27,158.39999389648438,,,,
2018-04-30,159.0,,,,
2018-05-01,156.60000610351562,0.0,0.0,1.0,1.0
2018-05-02,156.60000610351562,,,,
2018-05-03,159.60000610351562,,,,
2018-05-04,157.8000030517578,,,,
2018-05-07,160.8000030517578,,,,
2018-05-08,155.4600067138672,,,,
2018-05-09,156.0,0.0,0.0,1.0,1.0
2018-05-10,149.39999389648438,,,,
2018-05-11,152.39999389648438,,,,
2018-05-14,147.0,,,,
2018-05-15,129.0,,,,
2018-05-16,129.0,,,,
2018-05-17,124.19999694824219,,,,
2018-05-18,130.8000030517578,,,,
2018-05-21,133.1999969482422,,,,
2018-05-22,130.8000030517578,,,,
2018-05-23,135.0,,,,
2018-05-24,140.39999389648438,,,,
2018-05-25,140.39999389648438,,,,
2018-05-29,137.39999389648438,0.0,0.0,1.0,1.0
2018-05-30,135.60000610351562,,,,
2018-05-31,138.60000610351562,,,,
2018-06-01,141.0,1.0,0.0,0.0,-1.0
2018-06-04,141.60000610351562,0.0,0.0,1.0,1.0
2018-06-05,154.1999969482422,,,,
2018-06-06,154.8000030517578,,,,
2018-06-07,151.8000030517578,,,,
2018-06-08,167.39999389648438,,,,
2018-06-11,165.60000610351562,,,,
2018-06-12,159.60000610351562,,,,
2018-06-13,163.1999969482422,,,,
2018-06-14,172.8000030517578,,,,
2018-06-15,178.1999969482422,,,,
2018-06-18,171.60000610351562,,,,
2018-06-19,162.60000610351562,,,,
2018-06-20,169.8000030517578,,,,
2018-06-21,173.39999389648438,,,,
2018-06-22,168.60000610351562,,,,
2018-06-25,162.0,,,,
2018-06-26,153.60000610351562,,,,
2018-06-27,147.0,,,,
2018-06-28,149.39999389648438,,,,
2018-06-29,150.0,,,,
2018-07-02,147.0,,,,
2018-07-03,150.0,,,,
2018-07-05,151.8000030517578,,,,
2018-07-06,148.8000030517578,0.0,0.0,1.0,1.0
2018-07-09,148.8000030517578,0.0,0.0,1.0,1.0
2018-07-10,149.39999389648438,,,,
2018-07-11,147.60000610351562,,,,
2018-07-12,150.60000610351562,,,,
2018-07-13,149.39999389648438,,,,
2018-07-16,147.60000610351562,,,,
2018-07-17,146.39999389648438,,,,
2018-07-18,144.0,,,,
2018-07-19,145.8000030517578,,,,
2018-07-20,142.1999969482422,,,,
2018-07-23,142.1999969482422,,,,
2018-07-24,141.60000610351562,,,,
2018-07-25,139.8000030517578,,,,
2018-07-26,130.1999969482422,,,,
2018-07-27,132.0,,,,
2018-07-30,136.1999969482422,,,,
2018-07-31,132.60000610351562,,,,
2018-08-01,136.8000030517578,,,,
2018-08-02,142.8000030517578,,,,
2018-08-03,144.60000610351562,,,,
2018-08-06,141.0,,,,
2018-08-07,140.10000610351562,,,,
2018-08-08,138.0,,,,
2018-08-09,144.0,,,,
2018-08-10,146.39999389648438,,,,
2018-08-13,156.89999389648438,,,,
2018-08-14,162.0,,,,
2018-08-15,159.0,,,,
2018-08-16,162.60000610351562,,,,
2018-08-17,158.39999389648438,0.0,0.0,1.0,1.0
2018-08-20,156.0,,,,
2018-08-21,147.60000610351562,,,,
2018-08-22,142.8000030517578,,,,
2018-08-23,142.8000030517578,,,,
2018-08-24,144.60000610351562,,,,
2018-08-27,148.8000030517578,,,,
2018-08-28,148.8000030517578,,,,
2018-08-29,154.1999969482422,,,,
2018-08-30,153.0,,,,
2018-08-31,175.1999969482422,,,,
2018-09-04,166.1999969482422,,,,
2018-09-05,45.599998474121094,,,,
2018-09-06,42.65999984741211,,,,
2018-09-07,42.900001525878906,,,,
2018-09-10,37.619998931884766,,,,
2018-09-11,39.65999984741211,,,,
2018-09-12,38.63999938964844,,,,
2018-09-13,35.040000915527344,,,,
2018-09-14,31.799999237060547,,,,
2018-09-17,32.58000183105469,,,,
2018-09-18,32.400001525878906,,,,
2018-09-19,33.599998474121094,,,,
2018-09-20,35.81999969482422,,,,
2018-09-21,36.18000030517578,,,,
2018-09-24,37.20000076293945,,,,
2018-09-25,35.400001525878906,,,,
2018-09-26,34.5,,,,
2018-09-27,33.540000915527344,,,,
2018-09-28,32.70000076293945,,,,
2018-10-01,34.08000183105469,,,,
2018-10-02,33.29999923706055,,,,
2018-10-03,39.599998474121094,,,,
2018-10-04,60.0,,,,
2018-10-05,36.2400016784668,,,,
2018-10-08,35.400001525878906,,,,
2018-10-09,33.599998474121094,,,,
2018-10-10,31.200000762939453,,,,
2018-10-11,30.1200008392334,,,,
2018-10-12,33.779998779296875,,,,
2018-10-15,37.619998931884766,,,,
2018-10-16,40.79999923706055,,,,
2018-10-17,44.099998474121094,,,,
2018-10-18,52.5,,,,
2018-10-19,43.560001373291016,,,,
2018-10-22,41.220001220703125,,,,
2018-10-23,43.20000076293945,,,,
2018-10-24,42.599998474121094,,,,
2018-10-25,45.0,,,,
2018-10-26,47.040000915527344,,,,
2018-10-29,43.20000076293945,,,,
2018-10-30,40.5,,,,
2018-10-31,41.099998474121094,,,,
2018-11-01,40.13999938964844,,,,
2018-11-02,33.119998931884766,,,,
2018-11-05,32.939998626708984,,,,
2018-11-06,33.65999984741211,,,,
2018-11-07,32.099998474121094,,,,
2018-11-08,32.400001525878906,,,,
2018-11-09,30.600000381469727,,,,
2018-11-12,28.559999465942383,,,,
2018-11-13,26.399999618530273,,,,
2018-11-14,24.0,,,,
2018-11-15,26.399999618530273,,,,
2018-11-16,26.760000228881836,,,,
2018-11-19,27.0,,,,
2018-11-20,27.0,,,,
2018-11-21,32.400001525878906,,,,
2018-11-23,31.799999237060547,,,,
2018-11-26,33.060001373291016,,,,
2018-11-27,31.739999771118164,,,,
2018-11-28,32.400001525878906,,,,
2018-11-29,28.5,,,,
2018-11-30,25.68000030517578,,,,
2018-12-03,25.079999923706055,,,,
2018-12-04,25.260000228881836,,,,
2018-12-06,25.440000534057617,,,,
2018-12-07,29.100000381469727,,,,
2018-12-10,27.899999618530273,,,,
2018-12-11,26.520000457763672,,,,
2018-12-12,32.099998474121094,,,,
2018-12-13,31.079999923706055,,,,
2018-12-14,32.939998626708984,,,,
2018-12-17,34.02000045776367,,,,
2018-12-18,31.799999237060547,,,,
2018-12-19,31.979999542236328,,,,
2018-12-20,28.3799991607666,,,,
2018-12-21,28.200000762939453,,,,
2018-12-24,7.800000190734863,,,,
2018-12-26,6.900000095367432,,,,
2018-12-27,5.699999809265137,,,,
2018-12-28,5.519999980926514,,,,
2018-12-31,5.28000020980835,,,,
2019-01-02,7.380000114440918,,,,
2019-01-03,11.039999961853027,,,,
2019-01-04,13.5,,,,
2019-01-07,12.899999618530273,,,,
2019-01-08,11.579999923706055,,,,
2019-01-09,11.279999732971191,,,,
2019-01-10,10.5,,,,
2019-01-11,10.260000228881836,,,,
2019-01-14,9.600000381469727,,,,
2019-01-15,9.180000305175781,,,,
2019-01-16,8.579999923706055,,,,
2019-01-17,9.300000190734863,,,,
2019-01-18,9.300000190734863,,,,
2019-01-22,8.819999694824219,,,,
2019-01-23,8.579999923706055,,,,
2019-01-24,8.460000038146973,,,,
2019-01-25,8.279999732971191,,,,
2019-01-28,8.220000267028809,,,,
2019-01-29,8.220000267028809,,,,
2019-01-30,8.279999732971191,,,,
2019-01-31,12.479999542236328,,,,
2019-02-01,10.619999885559082,,,,
2019-02-04,10.5600004196167,,,,
2019-02-05,10.079999923706055,,,,
2019-02-06,10.319999694824219,,,,
2019-02-07,10.4399995803833,,,,
2019-02-08,7.679999828338623,,,,
2019-02-11,7.800000190734863,,,,
2019-02-12,7.860000133514404,,,,
2019-02-13,8.039999961853027,,,,
2019-02-14,7.920000076293945,,,,
2019-02-15,7.800000190734863,,,,
2019-02-19,7.800000190734863,,,,
2019-02-20,7.920000076293945,,,,
2019-02-21,8.039999961853027,,,,
2019-02-22,7.800000190734863,,,,
2019-02-25,7.920000076293945,,,,
2019-02-26,7.739999771118164,,,,
2019-02-27,7.619999885559082,,,,
2019-02-28,7.440000057220459,,,,
2019-03-01,7.380000114440918,,,,
2019-03-04,7.199999809265137,,,,
2019-03-05,7.380000114440918,,,,
2019-03-06,6.960000038146973,,,,
2019-03-07,7.380000114440918,,,,
2019-03-08,7.079999923706055,,,,
2019-03-11,7.260000228881836,,,,
2019-03-12,7.260000228881836,,,,
2019-03-13,7.320000171661377,,,,
2019-03-14,7.199999809265137,,,,
2019-03-15,7.019999980926514,,,,
2019-03-18,7.139999866485596,,,,
2019-03-19,8.9399995803833,,,,
2019-03-20,8.34000015258789,,,,
2019-03-21,7.619999885559082,,,,
2019-03-22,7.260000228881836,,,,
2019-03-25,7.079999923706055,,,,
2019-03-26,7.019999980926514,,,,
2019-03-27,7.019999980926514,,,,
2019-03-28,7.199999809265137,,,,
2019-03-29,6.960000038146973,,,,
2019-04-01,6.900000095367432,,,,
2019-04-02,6.960000038146973,,,,
2019-04-03,6.900000095367432,,,,
2019-04-04,6.659999847412109,,,,
2019-04-05,6.659999847412109,,,,
2019-04-08,10.380000114440918,0.0,1.0,0.0,0.0
2019-04-09,12.720000267028809,,,,
2019-04-10,10.800000190734863,,,,
2019-04-11,10.260000228881836,,,,
2019-04-12,13.680000305175781,,,,
2019-04-15,12.600000381469727,,,,
2019-04-16,11.520000457763672,,,,
2019-04-17,12.0,,,,
2019-04-18,11.640000343322754,,,,
2019-04-22,10.920000076293945,,,,
2019-04-23,11.15999984741211,,,,
2019-04-24,10.979999542236328,,,,
2019-04-25,10.680000305175781,,,,
2019-04-26,10.260000228881836,,,,
2019-04-29,11.399999618530273,,,,
2019-04-30,11.34000015258789,,,,
2019-05-01,11.279999732971191,,,,
2019-05-02,11.039999961853027,,,,
2019-05-03,11.039999961853027,,,,
2019-05-06,11.34000015258789,,,,
2019-05-07,11.220000267028809,,,,
2019-05-08,11.699999809265137,,,,
2019-05-09,12.420000076293945,,,,
2019-05-10,11.579999923706055,,,,
2019-05-13,11.579999923706055,,,,
2019-05-14,11.579999923706055,,,,
2019-05-15,11.520000457763672,,,,
2019-05-16,11.039999961853027,,,,
2019-05-17,10.4399995803833,,,,
2019-05-20,10.5600004196167,,,,
2019-05-21,10.619999885559082,,,,
2019-05-22,10.5600004196167,,,,
2019-05-23,10.260000228881836,,,,
2019-05-24,10.260000228881836,,,,
2019-05-28,10.380000114440918,,,,
2019-05-29,10.199999809265137,,,,
2019-05-30,10.260000228881836,,,,
2019-05-31,11.520000457763672,,,,
2019-06-03,11.399999618530273,,,,
2019-06-04,10.739999771118164,,,,
2019-06-05,10.800000190734863,,,,
2019-06-06,10.800000190734863,,,,
2019-06-07,11.100000381469727,,,,
2019-06-10,11.9399995803833,,,,
2019-06-11,13.199999809265137,,,,
2019-06-12,18.0,,,,
2019-06-13,18.600000381469727,,,,
2019-06-14,17.940000534057617,,,,
2019-06-17,14.34000015258789,,,,
2019-06-18,12.600000381469727,,,,
2019-06-19,12.300000190734863,,,,
2019-06-20,11.760000228881836,,,,
2019-06-21,11.279999732971191,,,,
2019-06-24,11.460000038146973,,,,
2019-06-25,11.760000228881836,,,,
2019-06-26,11.220000267028809,0.0,1.0,0.0,0.0
2019-06-27,11.220000267028809,,,,
2019-06-28,11.460000038146973,,,,
2019-07-01,11.880000114440918,,,,
2019-07-02,11.579999923706055,,,,
2019-07-03,11.579999923706055,,,,
2019-07-05,12.0,,,,
2019-07-08,12.779999732971191,,,,
2019-07-09,12.359999656677246,,,,
2019-07-10,11.880000114440918,,,,
2019-07-11,12.180000305175781,,,,
2019-07-12,12.0,,,,
2019-07-15,12.420000076293945,,,,
2019-07-16,13.199999809265137,,,,
2019-07-17,12.720000267028809,,,,
2019-07-18,12.239999771118164,,,,
2019-07-19,12.0,,,,
2019-07-22,11.760000228881836,,,,
2019-07-23,12.119999885559082,,,,
2019-07-24,11.819999694824219,,,,
2019-07-25,11.760000228881836,,,,
2019-07-26,11.520000457763672,,,,
2019-07-29,11.15999984741211,,,,
2019-07-30,11.399999618530273,,,,
2019-07-31,10.800000190734863,,,,
2019-08-01,11.039999961853027,,,,
2019-08-02,11.579999923706055,,,,
2019-08-05,10.920000076293945,,,,
2019-08-06,10.979999542236328,,,,
2019-08-07,11.15999984741211,,,,
2019-08-08,11.220000267028809,,,,
2019-08-09,11.279999732971191,,,,
2019-08-12,11.699999809265137,,,,
2019-08-13,11.34000015258789,,,,
2019-08-14,11.100000381469727,,,,
2019-08-15,10.979999542236328,,,,
2019-08-16,11.220000267028809,,,,
2019-08-19,11.640000343322754,,,,
2019-08-20,12.960000038146973,,,,
2019-08-21,12.65999984741211,0.0,0.75,0.25,0.25
2019-08-22,12.600000381469727,,,,
2019-08-23,12.300000190734863,,,,
2019-08-26,12.65999984741211,,,,
2019-08-27,13.020000457763672,,,,
2019-08-28,13.739999771118164,,,,
2019-08-29,13.680000305175781,,,,
2019-08-30,14.399999618530273,,,,
2019-09-03,15.65999984741211,,,,
2019-09-04,15.180000305175781,,,,
2019-09-05,15.0600004196167,,,,
2019-09-06,16.139999389648438,,,,
2019-09-09,16.260000228881836,,,,
2019-09-10,14.520000457763672,,,,
2019-09-11,14.520000457763672,,,,
2019-09-12,12.359999656677246,,,,
2019-09-13,13.319999694824219,,,,
2019-09-16,13.079999923706055,,,,
2019-09-17,13.260000228881836,,,,
2019-09-18,13.800000190734863,,,,
2019-09-19,13.5,,,,
2019-09-20,13.199999809265137,,,,
2019-09-23,13.140000343322754,,,,
2019-09-24,13.199999809265137,,,,
2019-09-25,14.220000267028809,,,,
2019-09-26,14.039999961853027,,,,
2019-09-27,9.720000267028809,,,,
2019-09-30,2.8499999046325684,0.0,1.0,0.0,0.0
2019-10-01,2.190000057220459,0.0,1.0,0.0,0.0
2019-10-02,1.909999966621399,,,,
2019-10-03,2.0199999809265137,,,,
2019-10-04,1.9299999475479126,,,,
2019-10-07,1.8700000047683716,,,,
2019-10-08,1.2799999713897705,,,,
2019-10-09,1.7200000286102295,0.25,0.75,0.0,-0.25
2019-10-10,1.590000033378601,,,,
2019-10-11,1.5299999713897705,,,,
2019-10-14,1.440000057220459,,,,
2019-10-15,1.5299999713897705,0.0,1.0,0.0,0.0
2019-10-16,2.069999933242798,,,,
2019-10-17,1.8200000524520874,,,,
2019-10-18,2.1500000953674316,,,,
2019-10-21,2.009999990463257,,,,
2019-10-22,1.9700000286102295,,,,
2019-10-23,1.909999966621399,,,,
2019-10-24,1.899999976158142,,,,
2019-10-25,1.7599999904632568,,,,
2019-10-28,1.6699999570846558,,,,
2019-10-29,1.5,,,,
2019-10-30,1.5199999809265137,,,,
2019-10-31,1.6200000047683716,,,,
2019-11-01,1.5199999809265137,,,,
2019-11-04,1.5199999809265137,,,,
2019-11-05,1.4500000476837158,,,,
2019-11-06,1.309999942779541,0.0,1.0,0.0,0.0
2019-11-07,1.159999966621399,,,,
2019-11-08,1.0,0.0,1.0,0.0,0.0
2019-11-11,0.8410000205039978,,,,
2019-11-12,0.6899999976158142,,,,
2019-11-13,0.5730000138282776,0.0,1.0,0.0,0.0
2019-11-14,0.5699999928474426,,,,
2019-11-15,0.5600000023841858,,,,
2019-11-18,0.41100001335144043,,,,
2019-11-19,0.36000001430511475,,,,
2019-11-20,0.28999999165534973,0.0,1.0,0.0,0.0
2019-11-21,0.3089999854564667,0.0,1.0,0.0,0.0
2019-11-22,0.28299999237060547,,,,
2019-11-25,0.26600000262260437,,,,
2019-11-26,0.3089999854564667,,,,
2019-11-27,0.3580000102519989,0.0,1.0,0.0,0.0
2019-11-29,0.3790000081062317,,,,
2019-12-02,0.42500001192092896,0.0,0.5,0.5,0.5
2019-12-03,0.4399999976158142,,,,
2019-12-04,0.4259999990463257,,,,
2019-12-05,0.4020000100135803,0.0,0.5,0.5,0.5
2019-12-06,0.4099999964237213,0.0,1.0,0.0,0.0
2019-12-09,0.38600000739097595,,,,
2019-12-10,0.3930000066757202,,,,
2019-12-11,0.375,,,,
2019-12-12,0.3499999940395355,,,,
2019-12-13,0.3400000035762787,0.0,0.0,1.0,1.0
2019-12-16,0.3930000066757202,0.0,0.0,1.0,1.0
2019-12-17,0.3880000114440918,,,,
2019-12-18,0.3840000033378601,,,,
2019-12-19,0.3630000054836273,,,,
2019-12-20,0.4050000011920929,0.0,1.0,0.0,0.0
2019-12-23,0.38999998569488525,,,,
2019-12-24,0.3880000114440918,,,,
2019-12-26,0.40299999713897705,,,,
2019-12-27,0.4000000059604645,,,,
2019-12-30,0.5789999961853027,,,,
2019-12-31,0.5199999809265137,,,,
2020-01-02,0.5109999775886536,0.0,1.0,0.0,0.0
2020-01-03,0.5389999747276306,,,,
2020-01-06,0.6899999976158142,0.0,0.0,1.0,1.0
2020-01-07,0.6370000243186951,,,,
2020-01-08,0.5929999947547913,,,,
2020-01-09,0.6700000166893005,,,,
2020-01-10,0.625,,,,
2020-01-13,0.5799999833106995,,,,
2020-01-14,0.6000000238418579,0.0,1.0,0.0,0.0
2020-01-15,0.6650000214576721,,,,
2020-01-16,0.6970000267028809,,,,
2020-01-17,0.7279999852180481,,,,
2020-01-21,0.6899999976158142,,,,
2020-01-22,0.7070000171661377,,,,
2020-01-23,0.6980000138282776,,,,
2020-01-24,0.6700000166893005,,,,
2020-01-27,0.5920000076293945,0.0,1.0,0.0,0.0
2020-01-28,0.6290000081062317,,,,
2020-01-29,0.5899999737739563,,,,
2020-01-30,0.5350000262260437,,,,
2020-01-31,0.5299999713897705,,,,
2020-02-03,0.5199999809265137,,,,
2020-02-04,0.5509999990463257,,,,
2020-02-05,0.5440000295639038,0.0,1.0,0.0,0.0
2020-02-06,0.5350000262260437,0.0,1.0,0.0,0.0
2020-02-07,0.5109999775886536,,,,
2020-02-10,0.5600000023841858,,,,
2020-02-11,0.6069999933242798,,,,
2020-02-12,0.5680000185966492,0.0,0.4,0.6,0.6
2020-02-13,0.5600000023841858,0.0,1.0,0.0,0.0
2020-02-14,0.5649999976158142,,,,
2020-02-18,0.5400000214576721,,,,
2020-02-19,0.5350000262260437,0.0,1.0,0.0,0.0
2020-02-20,0.5400000214576721,,,,
2020-02-21,0.5170000195503235,,,,
2020-02-24,0.5109999775886536,0.0,1.0,0.0,0.0
2020-02-25,0.46399998664855957,,,,
2020-02-26,0.4169999957084656,,,,
2020-02-27,0.41100001335144043,,,,
2020-02-28,0.44999998807907104,,,,
2020-03-02,0.4779999852180481,,,,
2020-03-03,0.4869999885559082,,,,
2020-03-04,0.4620000123977661,,,,
2020-03-05,0.48500001430511475,,,,
2020-03-06,0.46000000834465027,,,,
2020-03-09,0.39500001072883606,,,,
2020-03-10,0.4000000059604645,,,,
2020-03-11,0.3610000014305115,,,,
2020-03-12,0.328000009059906,,,,
2020-03-13,0.3059999942779541,,,,
2020-03-16,0.25999999046325684,,,,
2020-03-17,0.2919999957084656,,,,
2020-03-18,0.2750000059604645,,,,
2020-03-19,0.296999990940094,,,,
2020-03-20,0.3059999942779541,,,,
2020-03-23,0.2879999876022339,,,,
2020-03-24,0.3050000071525574,,,,
2020-03-25,0.30399999022483826,,,,
2020-03-26,0.3499999940395355,,,,
2020-03-27,0.30000001192092896,0.0,1.0,0.0,0.0
2020-03-30,0.29499998688697815,,,,
2020-03-31,0.2809999883174896,0.0,1.0,0.0,0.0
2020-04-01,0.28299999237060547,,,,
2020-04-02,0.2800000011920929,,,,
2020-04-03,0.2800000011920929,,,,
2020-04-06,0.289000004529953,,,,
2020-04-07,0.3149999976158142,,,,
2020-04-08,0.3070000112056732,0.0,1.0,0.0,0.0
2020-04-09,0.3109999895095825,,,,
2020-04-13,0.31700000166893005,,,,
2020-04-14,0.3199999928474426,0.0,1.0,0.0,0.0
2020-04-15,0.41999998688697815,0.0,1.0,0.0,0.0
2020-04-16,0.4309999942779541,,,,
2020-04-17,0.4650000035762787,0.0,1.0,0.0,0.0
2020-04-20,0.4300000071525574,,,,
2020-04-21,0.39500001072883606,,,,
2020-04-22,0.3400000035762787,,,,
2020-04-23,0.32199999690055847,,,,
2020-04-24,0.3109999895095825,0.0,0.5,0.5,0.5
2020-04-27,0.3199999928474426,,,,
2020-04-28,0.3190000057220459,,,,
2020-04-29,0.31700000166893005,,,,
2020-04-30,0.31299999356269836,0.0,0.0,1.0,1.0
2020-05-01,0.335999995470047,,,,
2020-05-04,0.3440000116825104,0.0,0.0,1.0,1.0
2020-05-05,0.3400000035762787,,,,
2020-05-06,0.33399999141693115,,,,
2020-05-07,0.33000001311302185,,,,
2020-05-08,0.3149999976158142,0.0,1.0,0.0,0.0
2020-05-11,0.33000001311302185,0.0,1.0,0.0,0.0
2020-05-12,0.33500000834465027,,,,
2020-05-13,0.31299999356269836,,,,
2020-05-14,0.3009999990463257,0.0,1.0,0.0,0.0
2020-05-15,0.30000001192092896,0.0,1.0,0.0,0.0
2020-05-18,0.3050000071525574,,,,
2020-05-19,0.3149999976158142,,,,
2020-05-20,0.3100000023841858,,,,
2020-05-21,0.3190000057220459,0.0,0.0,1.0,1.0
2020-05-22,0.31200000643730164,,,,
2020-05-26,0.33000001311302185,,,,
2020-05-27,0.3230000138282776,,,,
2020-05-28,0.31200000643730164,,,,
2020-05-29,0.3100000023841858,0.0,1.0,0.0,0.0
2020-06-01,0.23000000417232513,0.0,1.0,0.0,0.0
2020-06-02,0.22100000083446503,,,,
2020-06-03,0.22300000488758087,0.0,1.0,0.0,0.0
2020-06-04,0.22499999403953552,,,,
2020-06-05,0.25,,,,
2020-06-08,0.2840000092983246,0.0,0.0,1.0,1.0
2020-06-09,0.29899999499320984,,,,
2020-06-10,0.2809999883174896,,,,
2020-06-11,0.25,0.0,1.0,0.0,0.0
2020-06-12,0.27000001072883606,0.0,1.0,0.0,0.0
2020-06-15,0.27000001072883606,,,,
2020-06-16,0.27300000190734863,0.0,1.0,0.0,0.0
2020-06-17,0.25099998712539673,,,,
2020-06-18,0.24500000476837158,,,,
2020-06-19,0.23000000417232513,,,,
2020-06-22,0.2329999953508377,,,,
2020-06-23,0.2540000081062317,,,,
2020-06-24,0.24699999392032623,0.0,1.0,0.0,0.0
2020-06-25,0.23499999940395355,0.0,0.0,1.0,1.0
2020-06-26,0.23000000417232513,,,,
2020-06-29,0.22200000286102295,,,,
2020-06-30,0.2199999988079071,,,,
2020-07-01,0.22499999403953552,,,,
2020-07-02,0.22100000083446503,,,,
2020-07-06,0.21899999678134918,,,,
2020-07-07,0.20499999821186066,,,,
2020-07-08,0.20900000631809235,,,,
2020-07-09,0.2199999988079071,1.0,0.0,0.0,-1.0
2020-07-10,0.2160000056028366,,,,
2020-07-13,0.20100000500679016,,,,
2020-07-14,0.19599999487400055,,,,
2020-07-15,0.21400000154972076,,,,
2020-07-16,0.20900000631809235,0.0,1.0,0.0,0.0
2020-07-17,0.2070000022649765,,,,
2020-07-20,0.24799999594688416,0.0,0.0,1.0,1.0
2020-07-21,0.4000000059604645,0.0,0.5,0.5,0.5
2020-07-22,0.3149999976158142,0.142857143,0.285714286,0.571428571,0.42857142800000003
2020-07-23,0.2840000092983246,0.5,0.0,0.5,0.0
2020-07-24,0.37700000405311584,0.125,0.625,0.25,0.125
2020-07-27,0.628000020980835,0.0,0.333333333,0.666666667,0.666666667
2020-07-28,0.7200000286102295,0.153846154,0.230769231,0.615384615,0.46153846099999996
2020-07-29,0.5899999737739563,0.0,0.6,0.4,0.4
2020-07-30,0.5540000200271606,1.0,0.0,0.0,-1.0
2020-07-31,0.5149999856948853,0.0,1.0,0.0,0.0
2020-08-03,0.5299999713897705,,,,
2020-08-04,0.5040000081062317,0.0,0.666666667,0.333333333,0.333333333
2020-08-05,0.4909999966621399,,,,
2020-08-06,0.460999995470047,,,,
2020-08-07,0.550000011920929,,,,
2020-08-10,0.7049999833106995,0.0,0.461538462,0.538461538,0.538461538
2020-08-11,0.6000000238418579,0.5,0.0,0.5,0.0
2020-08-12,0.5979999899864197,0.5,0.5,0.0,-0.5
2020-08-13,0.6230000257492065,0.0,0.666666667,0.333333333,0.333333333
2020-08-14,0.5649999976158142,0.0,1.0,0.0,0.0
2020-08-17,0.4970000088214874,0.0,1.0,0.0,0.0
2020-08-18,0.48500001430511475,0.5,0.5,0.0,-0.5
2020-08-19,0.47999998927116394,,,,
2020-08-20,0.47999998927116394,1.0,0.0,0.0,-1.0
2020-08-21,0.47200000286102295,0.0,1.0,0.0,0.0
2020-08-24,0.4099999964237213,,,,
2020-08-25,0.460999995470047,0.0,0.666666667,0.333333333,0.333333333
2020-08-26,0.41499999165534973,0.0,1.0,0.0,0.0
2020-08-27,0.4059999883174896,0.0,1.0,0.0,0.0
2020-08-28,0.4000000059604645,,,,
2020-08-31,0.3479999899864197,0.0,1.0,0.0,0.0
2020-09-01,0.33000001311302185,0.0,1.0,0.0,0.0
2020-09-02,0.3089999854564667,,,,
2020-09-03,0.382999986410141,0.0,1.0,0.0,0.0
2020-09-04,0.34200000762939453,0.0,0.5,0.5,0.5
2020-09-08,0.32499998807907104,0.0,1.0,0.0,0.0
2020-09-09,0.3400000035762787,,,,
2020-09-10,0.3269999921321869,,,,
2020-09-11,0.3190000057220459,,,,
2020-09-14,0.33000001311302185,,,,
2020-09-15,0.32899999618530273,,,,
2020-09-16,0.335999995470047,,,,
2020-09-17,0.34200000762939453,,,,
2020-09-18,0.35600000619888306,,,,
2020-09-21,0.34200000762939453,,,,
2020-09-22,0.33399999141693115,,,,
2020-09-23,0.3100000023841858,,,,
2020-09-24,0.296999990940094,,,,
2020-09-25,0.30399999022483826,,,,
2020-09-28,0.29899999499320984,,,,
2020-09-29,0.3059999942779541,,,,
2020-09-30,0.3100000023841858,,,,
2020-10-01,0.30300000309944153,,,,
2020-10-02,0.3089999854564667,,,,
2020-10-05,0.3330000042915344,,,,
2020-10-06,0.328000009059906,0.0,1.0,0.0,0.0
2020-10-07,0.3310000002384186,,,,
2020-10-08,0.33899998664855957,,,,
2020-10-09,0.3569999933242798,0.0,1.0,0.0,0.0
2020-10-12,0.33899998664855957,0.0,1.0,0.0,0.0
2020-10-13,0.3310000002384186,,,,
2020-10-14,0.33399999141693115,,,,
2020-10-15,0.32499998807907104,,,,
2020-10-16,0.3160000145435333,,,,
2020-10-19,0.3140000104904175,,,,
2020-10-20,0.3230000138282776,0.0,1.0,0.0,0.0
2020-10-21,0.3149999976158142,,,,
2020-10-22,0.3199999928474426,,,,
2020-10-23,0.3230000138282776,0.0,1.0,0.0,0.0
2020-10-26,0.3070000112056732,,,,
2020-10-27,0.30000001192092896,,,,
2020-10-28,0.28999999165534973,,,,
2020-10-29,0.2919999957084656,,,,
2020-10-30,0.2809999883174896,,,,
2020-11-02,0.2750000059604645,,,,
2020-11-03,0.28700000047683716,,,,
2020-11-04,0.2840000092983246,,,,
2020-11-05,0.28700000047683716,0.0,1.0,0.0,0.0
2020-11-06,0.2800000011920929,0.0,1.0,0.0,0.0
2020-11-09,0.29100000858306885,,,,
2020-11-10,0.30799999833106995,,,,
2020-11-11,0.2980000078678131,0.0,0.0,1.0,1.0
2020-11-12,0.29100000858306885,,,,
2020-11-13,0.2879999876022339,0.0,0.0,1.0,1.0
2020-11-16,0.2840000092983246,,,,
2020-11-17,0.29100000858306885,0.0,1.0,0.0,0.0
2020-11-18,0.3059999942779541,,,,
2020-11-19,0.3190000057220459,,,,
2020-11-20,0.31200000643730164,0.0,0.0,1.0,1.0
2020-11-23,0.296999990940094,0.0,1.0,0.0,0.0
2020-11-24,0.289000004529953,,,,
2020-11-25,0.2919999957084656,,,,
2020-11-27,0.29899999499320984,,,,
2020-11-30,0.3190000057220459,,,,
2020-12-01,0.3400000035762787,0.0,0.0,1.0,1.0
2020-12-02,0.3190000057220459,,,,
2020-12-03,0.30300000309944153,,,,
2020-12-04,0.3100000023841858,,,,
2020-12-07,0.3050000071525574,,,,
2020-12-08,0.30300000309944153,,,,
2020-12-09,0.29600000381469727,,,,
2020-12-10,0.29100000858306885,0.0,0.8,0.2,0.2
2020-12-11,0.3050000071525574,0.0,0.833333333,0.166666667,0.166666667
2020-12-14,0.29499998688697815,,,,
2020-12-15,0.296999990940094,,,,
2020-12-16,0.30000001192092896,0.0,1.0,0.0,0.0
2020-12-17,0.29899999499320984,,,,
2020-12-18,0.2939999997615814,,,,
2020-12-21,0.2939999997615814,,,,
2020-12-22,0.8050000071525574,0.05,0.7,0.25,0.2
2020-12-23,2.5999999046325684,0.0,0.86,0.14,0.14
2020-12-24,1.7599999904632568,0.0,0.576923077,0.423076923,0.423076923
2020-12-28,2.25,0.2,0.666666667,0.133333333,-0.06666666700000001
2020-12-29,2.1700000762939453,0.0,0.722222222,0.277777778,0.277777778
2020-12-30,1.9700000286102295,0.0,1.0,0.0,0.0
2020-12-31,1.8300000429153442,0.0,1.0,0.0,0.0
2021-01-04,3.069999933242798,0.0,0.714285714,0.285714286,0.285714286
2021-01-05,2.7699999809265137,0.083333333,0.666666667,0.25,0.166666667
2021-01-06,2.609999895095825,0.0,0.25,0.75,0.75
2021-01-07,2.799999952316284,0.0,0.0,1.0,1.0
2021-01-08,2.690000057220459,0.0,0.590909091,0.409090909,0.409090909
2021-01-11,2.490000009536743,0.0,1.0,0.0,0.0
2021-01-12,2.2300000190734863,0.571428571,0.285714286,0.142857143,-0.42857142800000003
2021-01-13,2.5,0.2,0.6,0.2,0.0
2021-01-14,2.180000066757202,0.0,0.5,0.5,0.5
2021-01-15,2.2200000286102295,0.0,1.0,0.0,0.0
2021-01-19,2.3399999141693115,0.0,1.0,0.0,0.0
2021-01-20,2.2300000190734863,0.4,0.6,0.0,-0.4
2021-01-21,2.25,0.0,1.0,0.0,0.0
2021-01-22,2.180000066757202,0.0,0.0,1.0,1.0
2021-01-25,2.0799999237060547,,,,
2021-01-26,1.9199999570846558,0.0,0.75,0.25,0.25
2021-01-27,1.659999966621399,0.0,0.666666667,0.333333333,0.333333333
2021-01-28,1.8200000524520874,0.0,0.909090909,0.090909091,0.090909091
2021-01-29,1.7699999809265137,0.0,0.733333333,0.266666667,0.266666667
2021-02-01,1.809999942779541,0.0,1.0,0.0,0.0
2021-02-02,3.259999990463257,0.153846154,0.717948718,0.128205128,-0.02564102600000001
2021-02-03,2.809999942779541,0.0,0.777777778,0.222222222,0.222222222
2021-02-04,3.25,0.0,0.857142857,0.142857143,0.142857143
2021-02-05,5.25,0.066666667,0.6,0.333333333,0.266666666
2021-02-08,15.8100004196167,0.105263158,0.710526316,0.184210526,0.07894736800000002
2021-02-09,12.609999656677246,0.028571429,0.885714286,0.085714286,0.057142857000000005
2021-02-10,10.25,0.0,0.888888889,0.111111111,0.111111111
2021-02-11,10.989999771118164,0.076923077,0.923076923,0.0,-0.076923077
2021-02-12,10.279999732971191,0.0,0.285714286,0.714285714,0.714285714
2021-02-16,10.960000038146973,0.0,0.0,1.0,1.0
2021-02-17,10.229999542236328,0.0,0.5,0.5,0.5
2021-02-18,10.170000076293945,0.0,1.0,0.0,0.0
2021-02-19,10.270000457763672,0.0,1.0,0.0,0.0
2021-02-22,9.180000305175781,,,,
2021-02-23,8.59000015258789,0.0,0.833333333,0.166666667,0.166666667
2021-02-24,8.930000305175781,0.0,0.8,0.2,0.2
2021-02-25,8.0,0.0,1.0,0.0,0.0
2021-02-26,10.949999809265137,0.0,0.714285714,0.285714286,0.285714286
2021-03-01,10.020000457763672,0.076923077,0.538461538,0.384615385,0.30769230799999997
2021-03-02,9.600000381469727,0.0,0.777777778,0.222222222,0.222222222
2021-03-03,10.460000038146973,0.0,0.882352941,0.117647059,0.117647059
2021-03-04,8.970000267028809,0.0,0.666666667,0.333333333,0.333333333
2021-03-05,8.739999771118164,0.0,0.875,0.125,0.125
2021-03-08,8.630000114440918,0.0,0.916666667,0.083333333,0.083333333
2021-03-09,8.779999732971191,0.0,0.888888889,0.111111111,0.111111111
2021-03-10,8.109999656677246,0.0,0.75,0.25,0.25
2021-03-11,9.600000381469727,0.0,0.666666667,0.333333333,0.333333333
2021-03-12,10.0,0.0,0.75,0.25,0.25
2021-03-15,9.899999618530273,0.6,0.4,0.0,-0.6
2021-03-16,9.130000114440918,0.333333333,0.444444444,0.222222222,-0.11111111100000001
2021-03-17,9.550000190734863,0.166666667,0.5,0.333333333,0.16666666600000002
2021-03-18,8.899999618530273,0.090909091,0.636363636,0.272727273,0.181818182
2021-03-19,8.920000076293945,0.0,0.5,0.5,0.5
2021-03-22,8.529999732971191,0.0,0.4,0.6,0.6
2021-03-23,8.079999923706055,0.2,0.4,0.4,0.2
2021-03-24,7.420000076293945,0.0,0.75,0.25,0.25
2021-03-25,7.699999809265137,0.0,0.0,1.0,1.0
2021-03-26,7.130000114440918,0.0,1.0,0.0,0.0
2021-03-29,6.5,0.0,0.923076923,0.076923077,0.076923077
2021-03-30,6.75,0.0,0.75,0.25,0.25
2021-03-31,6.789999961853027,0.105263158,0.631578947,0.263157895,0.15789473699999998
2021-04-01,6.699999809265137,0.0,0.5,0.5,0.5
2021-04-05,6.570000171661377,0.166666667,0.333333333,0.5,0.333333333
2021-04-06,6.349999904632568,0.0,1.0,0.0,0.0
2021-04-07,6.889999866485596,0.0,0.833333333,0.166666667,0.166666667
2021-04-08,6.909999847412109,0.0,0.875,0.125,0.125
2021-04-09,6.960000038146973,0.0,0.6,0.4,0.4
2021-04-12,6.679999828338623,0.333333333,0.333333333,0.333333333,0.0
2021-04-13,6.710000038146973,0.0,1.0,0.0,0.0
2021-04-14,6.900000095367432,0.0,0.736842105,0.263157895,0.263157895
2021-04-15,6.150000095367432,0.0,0.8,0.2,0.2
2021-04-16,5.78000020980835,0.0,1.0,0.0,0.0
2021-04-19,5.639999866485596,0.0,1.0,0.0,0.0
2021-04-20,5.519999980926514,0.0,0.0,1.0,1.0
2021-04-21,6.5,0.083333333,0.833333333,0.083333333,0.0
2021-04-22,9.289999961853027,0.0,0.772727273,0.227272727,0.227272727
2021-04-23,9.630000114440918,0.070175439,0.859649123,0.070175439,0.0
2021-04-26,11.59000015258789,0.0,0.833333333,0.166666667,0.166666667
2021-04-27,11.65999984741211,0.0,0.75,0.25,0.25
2021-04-28,11.210000038146973,0.038461538,0.846153846,0.115384615,0.07692307699999999
2021-04-29,11.960000038146973,0.0,1.0,0.0,0.0
2021-04-30,12.670000076293945,0.0,0.769230769,0.230769231,0.230769231
2021-05-03,15.680000305175781,0.0,0.638888889,0.361111111,0.361111111
2021-05-04,12.510000228881836,0.0,0.842105263,0.157894737,0.157894737
2021-05-05,10.90999984741211,0.0,0.6,0.4,0.4
2021-05-06,9.579999923706055,0.0,1.0,0.0,0.0
2021-05-07,9.1850004196167,0.0,0.823529412,0.176470588,0.176470588
2021-05-10,10.170000076293945,0.0,0.727272727,0.272727273,0.272727273
2021-05-11,9.899999618530273,0.0,0.857142857,0.142857143,0.142857143
2021-05-12,8.609999656677246,0.0,0.8,0.2,0.2
2021-05-13,8.229999542236328,0.333333333,0.333333333,0.333333333,0.0
2021-05-14,8.75,0.0,1.0,0.0,0.0
2021-05-17,8.600000381469727,0.0,1.0,0.0,0.0
2021-05-18,9.300000190734863,0.0,0.666666667,0.333333333,0.333333333
2021-05-19,8.760000228881836,0.0,0.714285714,0.285714286,0.285714286
2021-05-20,9.079999923706055,0.0,0.5,0.5,0.5
2021-05-21,8.65999984741211,0.0,0.5,0.5,0.5
2021-05-24,7.960000038146973,0.0,0.8,0.2,0.2
2021-05-25,7.949999809265137,0.0,0.769230769,0.230769231,0.230769231
2021-05-26,7.659999847412109,0.0,0.7,0.3,0.3
2021-05-27,8.710000038146973,0.090909091,0.636363636,0.272727273,0.181818182
2021-05-28,8.729999542236328,0.5,0.5,0.0,-0.5
2021-06-01,8.569999694824219,0.0,1.0,0.0,0.0
2021-06-02,9.454999923706055,0.0,1.0,0.0,0.0
2021-06-03,8.890000343322754,0.0,0.814814815,0.185185185,0.185185185
2021-06-04,8.720000267028809,0.0,0.375,0.625,0.625
2021-06-07,10.300000190734863,0.0,0.75,0.25,0.25
